blockNumber,randomValue8335454,0x8095c619ce72aa71310de77274383f5df4942c7124f9e35c2736322f435ab53b
8335455,0x9d7aa7bda84e9aff51f167b1d0d1a99be7a8c76eed675a10e37112707c0a6f25
8335456,0x9b1760e1cf01c9cc34c27f230d0142808c9df80a5a505e51ea4ab303ce0b0f10
8335457,0x5e53e304ceb50e5149228a9f5aabe4093e2dd4aa969a76c496af1cb7d878104d
8335458,0x70ee4b967ba5b203cc8b16ab97a396eae23d254f2fbfa1bf1b3991bead06f046
8335459,0x1bb2fcd30e830c24c35a9e262cf5ee4f5f811a2775ed22a622638d0910ecccbd
8335460,0x98c048e34bbb509fe675341d5024259d94afc5279b2dc90afbf7bd19e1a279bf
8335461,0x442a681c22589dae4e5ecf6b949961551e2899794383ca8cbd109d77c936fe16
8335462,0x409a47c53e31d7fd26c38bb6850c870fd9b1b1acba52ef40a4a7c7df9b4cd97a
8335463,0xb98d63a6b1fd002f8bbcc859134bf55f9ddcbab968029cf18b60a7c3ba905ba4
8335464,0x96a4d3ea4e4df472abb9faa76a2d6aa5b8785db2fba69473926d166f934751ec
8335465,0x23ac6e7a34447d6f8fc1dde5970dd7afb070a192c23b587d5545b8855d622d40
8335466,0xa2e0095647e3418f27f43e021db943182a2d1557b2668d8d6841a49e4fe14bb9
8335467,0x22d7705f133247aa93edab3ae65593cfb2caed550a667764f9809e9aa5fb1b4b
8335468,0xabf5a41b64f664bf782a7ec061ffa08af14bfafbee75c1a601d74e123b83895d
8335469,0xf6180c6c09b14c358c358d49d295c5534cac5333b4e11790836d5f568787f0d0
8335470,0xf70f042b5ff0e673ea51f77ddcdaf16b123e8c02bdd62d81636b16f8c145b7a6
8335471,0x51c377897844b634538c0e6df29bc122e9ea519a32f73a2ca53b7f43590d2aec
8335472,0xdfa77cef4cfe0c42719fb731ca3bf9b8c95a7a44a563bc92e9a9140e6b7a5661
8335473,0xb957b1a7d31823e8dd42bcb5315a3ade4b06eb86d4417ee6193a014ea047f352
8335474,0x64a5489ef197222ecdfc9f6a492cb1817cef826a63c921eefea9e185d5c154e8
8335475,0x0645e323089c977db91b624392d793bccc589fa9bf5984456455e3d56e3e1537
8335476,0x7e7c630c2c488822e50754f06346bba32bb5a7d3d1050cbbb9ce95029e06c9d7
8335477,0xdd5ec8b9f3e61d297042bbebb6cd11c958e1c948ad07db26167cf9c684b9f5c3
8335478,0x8764199dc336a6ab2b0790ab4ed79881d68b031a3b138bbada310be9fb80b8c0
8335479,0xe8598cc4ea3530e035bb9baf09c4ff82dfd0e9576309fa4ef6d798b6e19068ff
8335480,0x318c3b9120807f9de88ffe9f238e212ad919efea6d4e3ca572159a50e3e8cdb6
8335481,0xb0288a7978ace9c0d2be613652ec60c81f827fd8f2ded2110c992124b6573412
8335482,0x3ca3869fe9dd71efb00dee3755dfa9f93cb0674b7f0c6957174cbc2f400425de
8335483,0xa973282966e9360beb0b37cb6731fc858831b0e2c495aabd671b2b184ef7f6ec
8335484,0x494808e071c1788b4ece712e16dd5dd6122eb1d846e154aa6c87d97d248e8aea
8335485,0xb4fd0da1b3828ea10a498ef6f588b7d45c3c62d76167b158a42f286f23448045
8335486,0x3a921868292ad5fcd65a6854c749be6377b5736527c4868fdc324d0ea7436e4e
8335487,0xbb878664bd9aa38716ea0ea03a5ce3a4905b3df95a6312d4ae050c9a071cd45a
8335488,0xf2c899edd251b0c3cb161a34b4ab47447c620e418a99b0d682af42dba3fded9e
8335489,0xbc524effe96b45454a67b423c55b4433eb077c2cc1efb1eb06e86604d91d187c
8335490,0x39a60ddff418c0e2da5b3522fc885ae5ef3cd8e7b83bcca747c71b39211c4e65
8335491,0xabcd1e8ffc90f512b577bea34c8f1dca984ae2a95d7c7e0e7a9dd202164d7c4e
8335492,0x5f8da0117f49c2aaf8b4588d96f783585ea6d502384d4b6fa5b414f59ba15e44
8335493,0x7ac8aec4cd1862605dcf55e6ba0053b0c3c964c1544672b1fed4e0622d946050
8335494,0x6f874603e10c7b3fcfb3ab10711c08a5c2d0d56535f30034fa38f3ad22a3eabb
8335495,0x257cda6f934df4f39ad978426446dbb19186ad4c078e9b552c18802e35c8d8fa
8335496,0xf51fb742271a3f8b05048c7c7d11d2bdff3a5379e0ca5579954a544a4715accf
8335497,0xe2d7ce87001d964457a0ff5d1bd4c4e0af21b50b0ad1822f0af866a7fada8361
8335498,0xb9a224a6682d0573103acf17bc63fdbe18ca43fd54b922b2248377f867680978
8335499,0x18fbdaadd65d0192343fc1b0d9a364eed198a55921b96cb4a70423cd9a5608f6
8335500,0xe0c5e19ef8c4adb29899bcb7f1f9c796cd1b654b4b504179833f88ba3272cbde
8335501,0x42c56f9cda1a309e01eba4e401f82dd14d2f17e4882139f0e3cb573d153c2657
8335502,0x6f3907a458983bc7e1fe475de3046a435ce844e414eee508e6b6fdabd2c51b58
8335503,0xaccb8ef4b9938efc0bc3e19cee796700e5a876acc92b45d7081519d2fde90c3f
8335504,0x0e5f83553000e84eea54f07ff851b8ea6df701eb402593d1e8f2814dea9f8b0a
8335505,0x35c396d0ebfd7730bb2ec30d0570f84b69d2fa9f468abeb009c8209e22678e23
8335506,0xf157218460c81a95acde330bf8162b696c535ff22318423a6c8ae9403957372e
8335507,0xa468d32e1e9be1d52c67a2b5b44105758e8aa517b04b8229a26fd3a393f442ba
8335508,0x8ed18c877a8878b4392b580712930d716c92c5837c88e46a2f4d81d6ae421a32
8335509,0x52cbdd64a8622552fbaf3cdbdc0547cbcc9009245b7b93b3514fcd51021ace31
8335510,0x294e15b9f883d50dde6dcba2f6ac30b98a769574b5c31842bb1786965517efcc
8335511,0x1f0784b5446b42f3b97736150b66e4442501284206323ff905982096b631e5d3
8335512,0x615bf2ec20c5f4cbb4f4957f728ed6e8d73993406ee11f306de3e3d595817050
8335513,0x14df38346944d1438448342e45bb754fd714603ccf90bfb4fc47204327a77128
8335514,0xbb00a37a578e45124489e1e0ccfc65213e8ffae0227ad82810335767c3fb9cd1
8335515,0x399287df5be63d6653555c68be9ae03b3953b70f452b0c060c38401725be9250
8335516,0x54b1215dca2f80bdba072cae949f5aad9cf285d0d5754c1f982acfbbd4f57ff7
8335517,0xbd27c40e3b917dbec63df627aaaf4545a9791e82840fa13443a98d2ffd8ff18d
8335518,0x85930e98d022e2917aa9dbbb19df44c72d8d02685dde48867118130bbc8d3472
8335519,0xa2d1805cb0d0e5baca6f5f11f3eae51199bba4e5cf9c8d8129b0f34448df0c71
8335520,0xb60b2a188e8b8f5625af25ab25035872c27a80ae415eeecba0d3d4dcdfef4b6b
8335521,0x95fbf4e9ec3b165c43f44e1909fb9dc65fb3021bb9e5ed849bad8b8b68f1443c
8335522,0x27cb09edabd1d76d8da4ecd03138c0cfdec766f153e1113956182b911db39cd5
8335523,0xb70c7a2f086c7b5804c443254191cf84918bf5a096276c5e0a4c6d51458fdf7e
8335524,0xf39fe258d05f0601dd22979b62fa212e3e7ff0a2ef6a30e61099cfaf9770ad37
8335525,0xad63eb0ec620687199fbf2a170bb20cf3c8478b246c30926abbbc2683c37792e
8335526,0x64664ce5103263bb8b6bd20bfdc90810418f228bc94f4766cd1dec6102bce5b6
8335527,0x98ec14436e4ef1942a5ccb26dc613429bd0b3d6ddf48d503fb94556fd5f465d8
8335528,0xe1df58157f83badd4fcf13045235dd8e817121638e1ea2e0aaa88fe7546f9904
8335529,0xd426944974216838093be0c72f1bed6cfd1d0a1c9c53505beaa4e86654434480
8335530,0xe460a6dd6932e7ad66ff6943e86231a7eb74d91698a684a93f66c1338305a2dc
8335531,0x6887f8161ab510af1f4a0a2a5438ac7768bcf3cbf4eddde31fc7e4211bf443fa
8335532,0xe1a58732eb65d49d7912f9be18feda10399e55ece916b1fbc9518fc2db327816
8335533,0xae0951445f7ed2e01bc5e3ef8bee4be2518515e1c87d2a0573298b7fa266580c
8335534,0x7d4797c19ca80b1b0960d3ea46e0cdd707642ac4887da12ff7ac5fd7992a4136
8335535,0x4553f2cb782e4e1f5ea1f012dc33d77ceea84324ae7986225c3d05431f12bc3d
8335536,0xd9560a71d6597e9346165a6d06f2b030d2037e2f83572adcc26cff3cb7461c80
8335537,0xcc12dad7ce469798e9d8ac45db20716ce51f60546a6ebb0d169ea86d2181b65b
8335538,0x6326f2d284bd832a5e06c9c3608471c2971bd454dc2463ea40f9d25b71139976
8335539,0xbbdbe3a6d6c3ce588d59778e7c81e09565329eacfdb7a3bd50d11fa4e4d5f7f8
8335540,0x4310eaae60a753f3926718336bb6729b61798c938c634094e40458d7b004e5b2
8335541,0x6028617b23cc39032136aa37b7953869cd88c5ccfefa08b0c1e37056939069a8
8335542,0x25454ed74317fd6561bd472f457a8c1c9f975582f06634a1d0802c24fcecd311
8335543,0x4fcc7463b056b2d27a684004515405e64b7043274c4906abc6fa9e0e3e95786b
8335544,0x53c284ed9050254ded9c9274c6bdb4a3e86915eecf9b8e032c8f9448dbde1229
8335545,0x26a5640e2cb6fe091b243ad8c3cee96090b8dbd210310d273926a05db6ea569d
8335546,0x106a6145959c5aa9e3d10dcfb8713d83699df744702c992f4619fbcd8d4c00f4
8335547,0x7c2512bd111008c3bf9db190dc6e0ffa48833a739546ab9d8e47dafcfce84ce3
8335548,0x49219a5883d89e0793596403d734ad8d8380cf3acb9c8e060abbce48059046b9
8335549,0x30a62a5daf19b8c56a024f4c5951d4ec0071b73601c3faadf0fc9fe93be8836a
8335550,0x1207dfb72fa87ed824b47a06394af1ba2702f6da2ed9b01a06f8e8ed832bcd9e
8335551,0x6ffad2f12be234498553006ca22e55d43fdb6bf948b673cb5ba0d6076ada2db6
8335552,0x245dcd0f8d73134e42e5c00da567ac4839d42d7538ccb28ac2c1c76acf4f518f
8335553,0x6c33d0ee085ef45baa3038ce806dc2783888374e866ee24599b59b3c697cedc4
8335554,0xe8b73d553b88a8b131dba027065df42f5bc09706f1904b07bae583aff67d596b
8335555,0x20179351dbcf90ff202bc1ab054902a574b550d814d11fbfcac00ffd614d7107
8335556,0x3c6f5893886e0d5269aa351024e9abc76a976e2150ad0bfce25eaa50df02506e
8335557,0x803bbea144a8069093f3e39a0360827ea41a942c0f439fa6de8ef9258e9a60f9
8335558,0x7b04f248c1141d4b46798833e96c527539dd5f4a5d4192cfaf0d7ca665f903e4
8335559,0xb0f43e50dc974c31112e562cb15a43fdf4854a73203953aa172a6627db0b5b04
8335560,0x58933fe0ec1f6b323329ee57de0eda89729cda9d57188f7945d4a213360b99c8
8335561,0x2ce22559d0379bbf2adf0f69451d509d3c4fa267f595e1ac3a932593238afc64
8335562,0x1e9b693641d2bb455b1adb13b23378e942ba3b925425312cc1752081991c1c0e
8335563,0x0cf210868f38e4559ce9145ea12edb456474ef4f49704e39c91c92c0cfe2bdc2
8335564,0xfa39a19336152d4338fcd8f29fbaacf41de1c7e93d100dac46791b428113f447
8335565,0xac2f69579fd01782f0d90a4a67e5dc2d15e6c8a9cdb5b4fce66893750b0d4fdd
8335566,0xa4029f0ff19cef1753c9c5d92fe434c7465e2fca619831e773d7a89508732296
8335567,0x1bac264030a8af31a56d1ebc30bc2e7857cd88917ac4cbbef224c5600ea74335
8335568,0xf232544880fac451ce54de3cd6c79c66cc75f80303f9258586efe92ca9eb398f
8335569,0xd93ed3e8bd85120555695cd13f31b6f2b3ede37804b1d3b42e48328bcfe4109d
8335570,0xd037f4b21c92b67afabf516d4ad7a3b343151adf39001c297e0de9a335f8d2be
8335571,0x42fbb813ee792c95f3e07e208a480db76edd033a9b6cd9351ecd2ca3583fa694
8335572,0x2cd8dac053f0699aa68a2f34993d3b5493c88f6d340545126c915a08ddfae92a
8335573,0x1734bb4dad5244101af0493ca32acbb7b1dee0cde7c5a7a9cc77120949b84dc5
8335574,0x9d791c7b3a59a90e8fd14f5107c1b57451d996cfaccddc48bef5dd3b91fe63e5
8335575,0x11b326b5e4a0790b8f19c208da8544b2e698fa2f42d37d0afbc0feb7d7abe9bf
8335576,0xd18b0aa0507181c5b95067169b354f89985a1c725a7c15c456847ed97163b9fb
8335577,0x47f93df28eeca99f645ef948b16b658a37bf5aa1b649c4724f5579a0391fcecb
8335578,0x287d633e06ac2859a8e1831bed3102b8911282de2ab29353a8f5ca303491a1e1
8335579,0x2d3548b1e0ca65ee2439cdbb110b008447944c296d2ce9970ec376e7e701d6d8
8335580,0x3c8e5210df6c4f8b184c20a76151825d5104538ad9f5b19f155897fbe4629506
8335581,0x82349279f29ae7986895499fc345a2a16c7497d8eac2131d26091873ace10ea8
8335582,0x719a2475053eb9e60b5684b8c7e2ba1abfe706f32a433c82b9663747592fb29f
8335583,0xc4c9c65d64c6bee3e1aa41995d6f3d82ed85124f7856cf62b8d74f0f859d4133
8335584,0xed9a216827c1379efc4fbd6199b7b5f671e724aacfc065526df40bafafae3987
8335585,0xbaf027a3d601f93513b42e7b094e6961882ed5383fdb3c7fd7b7f96e776fe3f5
8335586,0xb678b2b2b884bbd96aa019e0e28635b8377d45754b663be96e5a80204b2d20ce
8335587,0x228d05da40559a6ccd0a5fa24a2353dbd980fc03e0113bc0644995a2d09e8d4c
8335588,0x1cf07bc06e010f76e017472c76b78d132ee766e8e92babbc3306c84c2d72b9c1
8335589,0x13aa09c0da3f1181fd4411739cc899c37c586688852b4eb32fbc44f1a25263d6
8335590,0x5430d2744b184e447475f06e671a76e8bf9b69da1e101e8296be49f4d892d227
8335591,0xef50fdaa98178da73297f35135523fcc2624cef6729939505e3729073e58a27e
8335592,0x9012127936f48904bfa97e4a788bf91cf320ac0bd1f7286d66c9d18fba64b57d
8335593,0x4684fc184f0b6be1277f367cdab3d041d3309b1e3008bcd98f24610168a940d7
8335594,0x7d5bdb6acf771fa10856e528bae2ebdde9dec9978c8d5c6d76ce49b99d719122
8335595,0x627ef8776690c00e4a568d68c7dc9f91a8642fdc1f2586d175af5697842a1175
8335596,0x879f70320d19f37bc1531a152e0e98c58cdc2c0bceffa890aa59563b4a353894
8335597,0xa2eb082122a1409283450216cc6dcbbc4f326f870036513f7595f9ed9365e801
8335598,0x8d5b9e7c9e063ddfb1047792d0198232f7f47af05a53523f535454843057e414
8335599,0x4e1a5a5c6601f7a8e48f3c4924d260f9ba43f5a51072ff908b9da20f56aa8a54
8335600,0x3c5fb6fcc72cb4a74dacab2c998f53ad99f755d36188ebfedd931c8138165d6e
8335601,0x4120204607f3f9867ec6d87f7c762aaf7717958db47c3d738b0627c9ffb956d3
8335602,0xaf7f8e971c6f0625af9b99ff2aeaf9cd4fe8b961855d4fd16b0f7a784704491a
8335603,0x3b5afc865521d4d1598f75eeabd800bfd063ff59630e64f1b4cbcb100a4113e1
8335604,0xdec30379f1bc80b8e928ab7c3672386ca9366a82ed327b74161811410b8cdaea
8335605,0x3484acf5781b5785bc7b53de63c90ca63009e9f5ff4ea39dfd76dc4c6e46bdb8
8335606,0x6dfe988506b0ba0f48cdf2e03e248d3b1146e74a29f96c2003dcfe926cf53a09
8335607,0xa96418e76ba530b3b9ad4e2733bc78206ccd8ac0ee03d424a595835294551648
8335608,0x4198957a3292186869b3d407d11efdf2d83d16f80714f10b49510f3e0421242e
8335609,0xd8717a0291fe9dae2793c183c6a79011961e760f2cb124c444c54cb7b7d1878f
8335610,0x73c0567048901df10fc1a3f1cc3292765b1ed21ecce2a3e62403fa0b017ab7d6
8335611,0x1e77c33ff69af78f0c9d4d308d212e43789420df95a938ba3eec76d100c37086
8335612,0x215ad40b116bd9d1c65f424a3df2877ac41d589474bdb57b81e6b845145ca029
8335613,0x045f5e946c422f654a2c2d99019d5205c47d5687ef87f8cac6b8105bdc9c01b3
8335614,0x16ef9a7a5f9413392abceb8dd3ec333295fd1a8768a3c8f824a99c0585150b37
8335615,0x9095813ce71f4d408e4d345e1476a41a8f0e7d0a3dee55cc15509b745c1911e2
8335616,0x0a4cf220a7d9019c5f9d1eba22017ae21afc626b559b3ac53609db5b2dfda93c
8335617,0x490ab6efca5b83aba4630fc64869822d8d53515d00494a5768eb9a3fc61eb1ad
8335618,0xc584699c3f34518c5f703afdb59e14714862d43c05b5ea4e70d004cb6975b4b3
8335619,0x60e8d9ddd8a02803ed87f830ec6ece48375321722c118c81c5367034c4a5733d
8335620,0x8ca1543f33ad8dda074456d854bd68e6344c3a3705f7cca848097d47564d9793
8335621,0xd29147a14bbc04367bbb4384bf03cf4d659d70087e1429cf8918b23fe60fd3b0
8335622,0x27b28e0a91a6788554e6bee5b9f49cd7312eef4d0d98de50110c36b5c5dbf79d
8335623,0xf74cf1c1edb95e039ab7818ea4ac1b7d82caad6a408b630ed9067be8566806ad
8335624,0x98dc22384303cb8a7405ad7152b518af14477892b0d54593b4a3da51ac533a22
8335625,0x3c62ab172d7df914a56ef04e76eb515a0db7bb721853a27b333ba378147b2bc4
8335626,0x4a30ba3edcfe242d5fd52a4131bb4eb30e68d4b875f444e59daefbd2bc6d6143
8335627,0x239e9469f9a3830992c2da5a971715efa0fa200f91137d3f48abbca533d9032c
8335628,0xcf72f41824f075ccbb9f6762a63698e35e3ff16f466e436ec5f163c3a34f351c
8335629,0xd730d6e69bee8cae290ecd2d5dcd9dc016b652d00cfb7e595cde587799d20f2c
8335630,0xaa5744f44ca9e7846e690e2c2bd2facd735ca43b476d0aaf8696a9055170861c
8335631,0x797fefceaa14831c0c1ee583f175ded89ecb43fe5b7df39d52c654619482fff0
8335632,0x79d8332cd6f4885c56fb1f74706c5b5384ae10ac61665df15cc7601c3e1782c4
8335633,0x16cad40cc4730fb4da4e5c6ddeb3a1e0ad4a21cf237904fdda32914e700995ad
8335634,0xfa1e564a30b001ed7f229232d95ad2abcc90951ab66050f84880cbf9334b6e2f
8335635,0xa752ea26d2fb4d3022de59dbdd36bef5df6ca13d03ca7253415f80f222ef0937
8335636,0x4b8e7f952cc2bd1d1b3ea50f9ae50fa958d3ec47873540c72d667e6672469db0
8335637,0x0ad634521ae5b475e8759d5a7e1b4b60b8b61d3e1fde33ab4034b13a8096b1fb
8335638,0xce13987860ebe62e9d9ee42d40159671104405ebbbf13b5c9ff45a039f2f7578
8335639,0x4cbb2f3ce8fc9544aac0c3dde5d51b55dd9349cb157a048c1d5ed3e00ba136e2
8335640,0x1505a721ec1142840d7370c05b24b63e41548eebe484a966c0c1bcc34c8f38b8
8335641,0x6ec22ec871a11c4c7656792cb9dc2703663335c6f1d7bfb4359aa73105901047
8335642,0x0a4a8ec484d62540dd6d9e377da0a41daf631959349a24273d1258c45119f042
8335643,0x5ab2acfb69a57c7be8e071afded08c3b022b40e5ee1041ac3e06a74fb827eedd
8335644,0xd946ed1aa067b9999b50cfb59aaf8845d2e4837c1ea6ba7224c871beebd89dc5
8335645,0x8c903dd1ad64cf2aa7b60bb1e27ffed01275eacc99864fbca9feb6239a8af9f1
8335646,0xbd5c0d0877962a9fe5baa2fbbf1c48ec3f1cfa3beb8d7c1aeb07e50f49fee959
8335647,0x4d4bbf86d19a7cf96dc58eb6d085f4db70b3edc25636908554df3304527d74d1
8335648,0x86b1bab0bed8f61af0ff456549e9091dd8cbf1a3e89f5243b2f6c016e85aa4aa
8335649,0x7a3cb4eba1347edd527ef9ca26ced31136f63e00ddb1bb2e2f1dd99bfd5163b3
8335650,0x0b3f28fdf00f96524ed836a5bcec26c4101c9d59b0a4865126065f73914a8b90
8335651,0x2e469bd22c816fc55853bef59f6fcdaf85040ddd0f84e5352a26d2c6a43ebf35
8335652,0x5b7ea72174b3c41b14b628ab461bc310baa745dfa9aaed2059479b9e562ea650
8335653,0x726eaa0075f99e240497a6cb277fcb164a569b94ab64c0d48210d78d2e7553da
8335654,0x240301477f6399f437a7bbd81f706f2b792bf4882730b88ee80638d3f4142b45
8335655,0xbf8ffc49f7c362c842494ea51d4aa6f1db4e67c8d8e52003d83c148500539c2c
8335656,0x9de8e2ef278dd07239f6b230c4862f7efe5cca3f04e604fefb5cc230dfebdbe3
8335657,0xe5d7b1f61da03f9c10058325f3a578c8a035066332cf4a6a42937182815f4f6f
8335658,0x109f3430241019965cc1c627f1b7d479397f5ed78776a4755cd2f19c44e9fb2b
8335659,0x9f8991bcb71251bdcf7b9967b1a9d65d76e51aa8ee92f6476296e68bb63a5af0
8335660,0x7fe09a4eb0808b08c8b5a083a0ffc75e9b15148ee350a67c9edaa883f5d26881
8335661,0xc8efb511b6ac73af8eaafd8b61938cd35cb34e9db7967951e785c57a96ab03d4
8335662,0x0333045e7a768f2b97b08787bc0393f8546cbb28c558c5a51538c0dd50a8c751
8335663,0x406eeaccedfe3158ff42e484742e5fe205b10cd9a9f5b90cc1977d617d995f02
8335664,0x97932cf2c97197096bf271f40d0b9ea177127b29d17f8ed7991cc620a35c5bb2
8335665,0x9955dd4e59a9369ed36cd70611574a50ed30555fbf1d437b5e570ed648373afb
8335666,0x38c8cf1f62605e1bae5103ac9181ea9fcc8c1d6eb32866d49b504936c09d319a
8335667,0x8b786f84af47095ee8028ad7a4d1196cf8169fc840494943e4f216481b3dab98
8335668,0x3d33ae8acb216f598b2db01fb7d0c8ee7b7870f47ef123ea440a0cef60f326d2
8335669,0xa3d054f7a91833a8a046c689ac2fc1ea8f588d26acbf12718dbd08a898ab934b
8335670,0x9ff1cca789cc2c20589bca4b33f296ccb10c52a5f81e030c960f35b3fc77fbb8
8335671,0x30d3206b28b43a4f7f1433839f5495cbc250188e1b66b99861cb30b632c1de7e
8335672,0x16f2eb4d22735a42125409c4973352393568c642effb1d4204a0bebba59e588b
8335673,0xeabe618f13134c8f0eb3d9a594691d3c98b836268410706d05992b82437d8e9b
8335674,0x13bfe533d928bb410ec1ff5429da6c51e0aff366e868be039124c1c63f944b38
8335675,0xb97e5e4d9a227c00881108e846401db7fb8f67c0364b1958ad3ddcbcdf65c92f
8335676,0x8fb0fcf155f13ab13a65116831ead0a394f56c6c1c509bb82dd5d050d3f4b2e9
8335677,0xf36ae4f6a2c8dfad7da36fd21ddc71b15fb1eca0426a8d13a667650698f53e03
8335678,0x9758ec1af2653855ffe3f4eff6a7377a04fde2911e0e20cf12e73a28542cc32c
8335679,0x00852ca00ee7123c9f96ee732b510ff24b1c486fd3a776807cb7d4793d5f3232
8335680,0x23a251ac1559df50a10dc87d29e7f5285373d156384f96d777b547cb29ccb297
8335681,0x83631ffa396afc4544bf67634b5bc40ad22be3373be6f3f3e0bc6ec0f1348d05
8335682,0x44b99327b40dc7f1307d2157cab4571e6f9b0970b1431afcbbf09ed99e696950
8335683,0xc82249d4185e5704574c3e7b746bb77c2149d0bcb4b8b6f9f07d9e32e46a794e
8335684,0xff17e09c1d07646e9f10acfc10d41bb1ec744bb3c688c65f945c94a17dea6c04
8335685,0x4e0ad0807a4fee3b1fd5ed1094e44c81e5f4a31341bd20b25576d9d25c422536
8335686,0xd29e87fa784e261e1b6bf6083635d9c4833650fda15405815132427064032973
8335687,0x59b5a9d902fa79373554caadeeb00251f45f365b8980b1f22daca20f22240490
8335688,0x5f79039822a8060978f7c13b85577aab52a907026ae6a5c79e989b5acedc42ac
8335689,0x6121fef9971e8230e7e685009a4e0d9c1f75f7299caa7ea93944b0771412824c
8335690,0xd2a651aa968968271f8fd205d6f6f31e89a0d6856f20af2b31e91b5c2b1b8d63
8335691,0xbb5af9b782e0dd4b8db3878c208dde3dc3aab67f678bb395cc795b589d77d0bc
8335692,0x3204b300c87e368fec309df372ddd75bdf08a626e80449f574917c296f00a060
8335693,0x5e5e028062cc56e5f608399180200cb3a60ab9eac35e7aaa3cda6a91463149b1
8335694,0x8caa35c03e8f612edfe7d42d2e5fa2f0cecd12a0f07e011e19ee8064609e7438
8335695,0x5bc24b9fc4af0d06a4f3ac83cb1f20d4ad327934e4e3809dd00e091329bd8b9b
8335696,0x40be5f469b249a379235fc272beec4e1e22f397cb320945c6d9925049e29922c
8335697,0xf37a452751fdfa2827659fec41a6c66f3b59eeed6bdf3fd9bfca7686db6119d1
8335698,0x985d1ca292db178402c4284af1c3c84bf6aef011340ffef75e204f1ff7e6a191
8335699,0x57f2b85a158daaaf1d1f4d785c75f52587b675159f4ccf767778dca3489bbbf9
8335700,0xd635d1faee699af715be4ac5b7951e4f8bbcfef9f1667170de2aa89880493ad3
8335701,0x6a3f89a775f45b193f09c76440acd1261fa86079679ba516ac2a4440352f88f7
8335702,0x4b643d111457c02e6b4e4d5d948d3dd00713221c3bdd9f651aaa39ae4eea8df4
8335703,0x49ecf21361558a18fbbed35f8a6d12c8c4e13f6aceebd46d19478a9ff92383b0
8335704,0xded81d8f43a03de431ce30e969ce53e0fde211b8760c194d1448ef6d9a12f497
8335705,0xaa0697335c00b152109206b2be183792e2027e2f40789b014febeacf7039cd4e
8335706,0xe45cd54af2514b06a489b4f798ed11392f031fbb9a45ff17f3d06e9580d5aabc
8335707,0xe7de69411f0291626d4c7e45e1cc922eac2712a6edcc57c0d6a9e8e3047b7c12
8335708,0x8f04d15bc925ac3d3bb269b90cd1f995444c2001c3d738aecb57946eddcfc19f
8335709,0xcbbdc467aa198a3e77504a080f7bc66c8f12bb2aadc581bb311fb221459259d1
8335710,0xe00739db683dfb3c255817324ebeb0eaefa646a886fbb65875c527e4aaa42fd1
8335711,0x9267043d4fb0150b05c48ef614e3a8c426c7eb5b075b7c76536fb934dbbc6a33
8335712,0x700905f65e7ce02785e966cb7b2049d30d830ff81a707d7a6f11f3f39b4f405a
8335713,0x053880839f5c1de4bcf8842302aecebc5ca2101a5ca5740c12b9b6f2b0a82689
8335714,0xa1016441ee1aea17b49ef1dd04177b6b9856b7e269b948e74cff9df7eaa78fce
8335715,0xaeb6bd72f91500124480a2d1bcd180d8c8a0cd26e5010ce7284de68ba63d8210
8335716,0x5e5f3b1132b1abb4a19032e7d8836d30032367d25a4bfa23f93b3aee2efeaa30
8335717,0xadd260b50c942e9b2772cfd148d88c94d6fe64ebf315bc2765983756dfd41f57
8335718,0xf038e503e1985ca34ad1a3149a3754bfcda0e572799a6e9f44b177c8b28a5da0
8335719,0x8a9e13279f91e67670c5186fec4dd4698c0a95ee21c2bebd39592a9458d03164
8335720,0xaafd198a45473ee6ae1be9316c7c8ce4168e981ae0c96397c3f80e385ac0aa91
8335721,0x39a4045395a72962f9f3e12286ea65a163f583e0a9f6b6915d90a92912d371f6
8335722,0x2662f4208051c97ef375755f07aa82bfe8de97f9c14d87bc0bfc50fc8ddd8e3d
8335723,0x3983fdafe4d11b4b7ab1056f62d5678d262ad4848f8bcc42e9ee95c96f40b3e1
8335724,0xa32993b1d4cb46fd6c5f0970dafa5a9301a8238a8a15e9e420959baf79866f11
8335725,0xb90bd34716e31ca40f93b8b06db6dc1c7741dc729b8769d55d45d54669279ceb
8335726,0x3dc41f04faccb49874c6a65c661093232301eddd6776824e2ed3d05459aafecf
8335727,0xf563da247700fc7617309e86c0f3ed02c5667ff9ad279c903e4997bb41d327b8
8335728,0x22109122d3f95c1bae34e893e27ae3840359ade12c8d6d01d60e5f7e3e45d9f3
8335729,0x6f3d2c4e7867cee1e40bfd6dc32e445af22a07bc622badd0bc57bbd76a85f5bc
8335730,0x2c67bf582789bd88f83e8248ef80b19e095376f35c34ebf4b24f47d9b4bf3d5f
8335731,0xc46594468e1e9cf8c84266edcf66072e9f2bd717fddd17a8f385204e681c4bdc
8335732,0x6bffe12d2b10a7c6c71d17665d7db78925446c7a0be5bceb91dc0c2c72121dcb
8335733,0xb64a040f4e08bafe192b16b227e029ff97e5ef4f9d21caa0d11c4cc10169e322
8335734,0x8f12005a9d6a9ab834778d02b3b30d5f6f20d268d220ff79e78c9335bbd590b2
8335735,0x7c65ef8cea3c1d090a959c888bf124989dd55d77159008397aff750afa103b45
8335736,0x3403cb08c920a07e36e68634aeafd650982580845bcb6320630eeaecf904593b
8335737,0xd225a0912caf1d3a0c0c15b566569e267a0a4f751ddb606ac8fd2b97fa18d513
8335738,0x1e2ddb041e8d684286d5c1d67dea52838d9bd444dd88d077e31eeabe8564d065
8335739,0x8eea5375ef4d9404de27c935912a83ef09a26f06a9c1ea3203ce4fe4f6c18068
8335740,0x86dccac1ee4a99d044fddbbd2d1289537e1d71ae2c1c377f0c3d8aba34a13c5d
8335741,0x11c2e766d234b8a1ce0610eac49cc2a2946c065501e1bd4fa308708b290d67f8
8335742,0x33125b4e67b0a46a1ce34e0ff2969517fb955d969c48f6a1cd1624399079e32d
8335743,0xad0985bbb12c0849f26beb459d3ce11c4def24621fdff41d93693d130b0455ca
8335744,0xc4ef673eca3427873fce00748a793a3c8c14a277745abbe434c0ed314386d7d8
8335745,0x1640782bea53b1ec6e4b0a40f7df50574adb44cd35479ecced7665562ac0614e
8335746,0x10c52421561e5a1b52de8158803a433cc03f9fbb4efafee577aa4cd8cbab18de
8335747,0x1a3a7d546ff3e6e61b466d2d55d04f2d54d8b832f537b5ce1c4a2d470c5a8aa7
8335748,0x38b1e0a35aeac8f3ed777f9837c109af13f34c0ca8656b8389527abb48eb432a
8335749,0x62443346c94f9a861fbe383af5ce026ddd19e18c8dce858e22bc0483c092ea90
8335750,0x47c58539803b76e11e8e36fb31fd58c3bd9f7069ac84a2b63493368aba8d7c92
8335751,0xb30c6f5ad64ccf6bff33252adb0caf895d72e168405428369f17a05f409cf0ef
8335752,0xf0dddf50a1604168d61a45f43af370a39c582c86ad3d32bff558cbf80b236225
8335753,0xfd2df25d9ec9e7fc814afe9378b28c01d200350c0c3381214b1f1ada4beaedb9
8335754,0x000e4258c056647da819096e6d9108e95f32c8fc2b37eb1013deaaa6814d60c4
8335755,0xb78da9b8c323a7f181ce9664043ed12555e026e3ec63219bc6dcf5cf9588fbe7
8335756,0x434fbc79eb838d23a8d1a24de439a68d6a4ecdb83ae56300ec814e9d7717ad3a
8335757,0xd119b2dd76c714cff8ded00cf25341f55ec028fbcda640fbc1b4d6ec8e533bcf
8335758,0x914a9784c4e65b4f0d205ec6787ad1c4042c09b65aaed96bd3abaa1b5cf01281
8335759,0x01aecbdb7dbc202d10ada7ae8e7eb8943c4e360794002f30a05e2f6ac1cd4e94
8335760,0x4db32cfbf7f75af20467a7d0940708c5140f9105efc221b5984805c4096d3793
8335761,0x2b5cb490ec56e80f8dbc14fb3fb65a66ad79d0f97db410b5a84f6ddbaeb9a4fd
8335762,0x0d8ba172d77219fe498d701f05e5a7e94d19cbc943c805ec16eb56bb8920bad4
8335763,0xb7f6ee6d20a6a2008167851374ff2d3faab063027795dc6bf678586227b43959
8335764,0xb335e8f89b748ce5be25e88f7931e4c91afd913ed4c59bddbc2f171ba74e30b8
8335765,0x37e9e93df2344c36dc8ae12e1da1fa5fe9cc8e5e91c14713a0ac2d0048facad1
8335766,0x1446a986b554644e874300919e051ff9d856bba6062529dd4479794e935f70e8
8335767,0x33a82bfc3b861712ede7d4e8195bb0c798c4a39692b99256144a61930fec6072
8335768,0xb5aff9d0981e6cc070a7425151256803970025be2b9e5d7ea3283d3527beba7b
8335769,0xa789b91addd9329f677fdce1bdccc5ff16ec7c7a8d4a476ebf3f32b2b08fabb4
8335770,0x2f9eee68af0062133e30fd83df0fd600f3667f09c4c5b54bf834c4ee3c684c65
8335771,0x33155ac11482ee28b0f6b49a6827a7ea328750735b644ec90839ba4477d6fcb2
8335772,0x0156ac58f6f3abd4c0afc0f49eba11d994dac213cf04452d7ae1cbe8ef08f77e
8335773,0x9426b4ccc933c18b59d6a255fa7c6d686d79020534500042d1e2cb527e6e5fdb
8335774,0x0f873a7da6e77bcda48216ef6867d58eecd469ad5b8847189a994186ad8306cf
8335775,0x62baee74142dc3a559c8e2e0bd722b9e6a8599ca5612246087d2e0473aac86a3
8335776,0x947661fee70b0f5461c096ff64715f2ab3bda1e6edcdc9c8c5d1af6b1307a17b
8335777,0x6fb13052647a82440bc1327997e2c22676d1984cfe581d59d57a96e054512c54
8335778,0x114d1f754193993a8eb1345dce7a0300f55c050dd0f5f73bbf308fa4c86207e4
8335779,0x757b03de49765bbf1f8e15f4b68af38a54336152a0572afd10323d596041ea4a
8335780,0x9fcb06d4866e29a41ea7e658d8b276d3a6baba5856b720e54c7cebf228711c56
8335781,0x537a8eb7a2adbedc708474cf1507e5fd1f2df2787deb0d1d9f2aea67e637fba1
8335782,0x6b384bb33d1a53539acac7a094f7fa2aa32138b8b656ae60fcb7697cd39bb9fa
8335783,0xab576823765a96570308ea13118ec78a56e94a1590b7b87e1b4a241f99f04445
8335784,0x5f6798401780a9ec2637295a077fc8614e1ea353e10446ad8fa0ed1b1db01f9f
8335785,0x456ef0d8688246d0d9da5e97b53070971f8d8dfc7f8022493a3b07ec2d54051e
8335786,0xc688aa94c2d77f734396902a2f4ebaf04b94059d0e61e301954e49267cd88de4
8335787,0xbc6a7ba95aed4e8614b5482a7fe7acd4ef0837457d7ad295b79a3bb818ec38db
8335788,0x20d5aba8b2d9f0422ff9683a4435ac352b0d51fe6836d8ade6100973735d3234
8335789,0x5b0357b9cd4e337f035588de09c03a1fe2bd41ae77b5b78bf30273b2e254a903
8335790,0xc68215a504e8567c0f811c0d93b54f58b937defcc7024371fc14b720275f3f2d
8335791,0x5b0ac9b37e1fe7dedacd3ed9245a2d671536cb63c2562ee839c715b293995dba
8335792,0xade81cb50d33488c3936825f99c90a7662b4a65683f849b554e2e283a82bfe21
8335793,0x52453e68bd7b9e0b747ac15eeb722cb4b7f6398579ad2dc48a159d98eee8af70
8335794,0xdd19ff3cfede7620650f26d0cfe0c67f7d3b7867c174a2a1345c41db45274986
8335795,0xeff4e6c46aaa42ddeb6fe681f17e3a3d1beeeb7f4ebbf23ec87eced4a19d4ea1
8335796,0x736c9a49a9f592d792a7af05c259e6cb06c4260078f280b271833d4d806de547
8335797,0x9e31389fe213902c1cbc1ca50dbe0047da8ee23bba261a0eb95fe755f0023daf
8335798,0xe063ebba6badae551b85cc188f8c7310d351f25d9c07c7d9e2bd4a71f5c5a5ba
8335799,0x626f83984f6203dc61f1707e8656be76295645196bf9b517c74de7401f321399
8335800,0x7072c3c1c1a23fb156cb5c190f02c5359f8cdb7564b99e8cad7d7fcd8b54b930
8335801,0xc547623df653c1e92bc45de7a287eddfe2d4ae04b1bd2e0dca44791b8314666f
8335802,0x6b206ee82cf06b3844baeb5a8b76ca882cbafb2a73fc2d8d21d26d1f19ca207d
8335803,0xad2b1047779ee6536391d1eb866791298125cb7434453140b4ff42731960ad51
8335804,0x4bd5b93b635c1a67fef38a261a566e83be611ab3c69dc78a969e8f854ecf6ecc
8335805,0xbfa5371fe69ed4fe13318c982f0180ec238c3f70a21b413323bb39900d026084
8335806,0xb56787ccdd46815c4ada4e0e74f9bb7fbf668a1cf46e1c4f528d1702d44417df
8335807,0x31461a22f52059b815936627afd88a9c0dbab5404fc1031d2eb4f6c0b3f46195
8335808,0xa495bcfa3f51c01977dfee6968d481d6e29aaa6b9a57db0853e5ee09cf3dd572
8335809,0xe23e1e4815c82f53177d24b8a805ccc014542aa973d42f7ff1981b98e02ae858
8335810,0x2ea4e6e633bb297a98ec81ef9e94cd1647cdf4e92a0545887d563ab467a6a7af
8335811,0x954f39ac77c628c76823a707e545e2bb42696937f814311b354eee407cc3e27b
8335812,0xc138e29052b0b671b1b90131102ab8e7cc5c66f2043182581ad49bd262b826af
8335813,0x305c8f9228cbe229d5048fff0f4d4f31a93b4999730e7e5fe56b53a86b1b2d6d
8335814,0xcc8e0b38a684ab76fb10572e968d86873e41773d34952a078344d12369e9fbc1
8335815,0xc55e064667e05931d682ea1706bf9928f947a561a67b7193feb9078f5094c82b
8335816,0x5c3b279a57605572cdd81c000c6380bdd14dd47deec2e1fab872183cbcef7c21
8335817,0x14ab30afe6ff7b60081505052e5f57da357b81566566b62316b8f7ffaba6f557
8335818,0x31c3464afe7dbe6ea7b77553c3b4e5498b006aa036b886d6cee36ab5db0e6ff2
8335819,0x8baa57a822678984ac17fa26dc3df63165a8d789adc08b8b9d7689e70977537a
8335820,0x000748206012a5bbe64a6fa7d7471b67372fbf1abdfb6fdb6443ba3aa657f59a
8335821,0xc2bcd3756a357af0a663b37090e78ddadb2070c385c274a59488bdc4dbedf8b1
8335822,0xe269f4412df9f0651df6ef4d3cbb5879b7ab55a4d6db43b093e9da33dd975adb
8335823,0xe1a86b4e942fa7587d4b412d563fa228a26dc004458d596c86ce2b3db8545103
8335824,0xfcf21bb5dc54e2db82021522f60b968c6adf2b3da7a72eaf92a1a0865f976518
8335825,0xdf39d52685354661bcc1214bb294ff7172159dd508e538615a3349e42a513cc1
8335826,0xe666e514d812db1acc024c5e9985c58d22ff6bd011479c67b42a31bb3c2c4ea3
8335827,0xb7bc896893cc961381ac5b915ba2e84c483d15ef283e6e8b72bcd6d908f6360b
8335828,0xfc385b2be3a8ec5b4b1dba730eaefd78e68b6131e6cef076cf41e38f576d1cf2
8335829,0x0d2e3b3a37ff4558f5f51e0a51491b17870929f18d10fbdd1bbae29e6874d5be
8335830,0xd00e4abadf0cf63427fe2d1b63c97f70f179f91041470d77c044d816595ce8e8
8335831,0x30264b55621221378cfc5cc51b5ad45e5796f3e01099189017061336d39aafcc
8335832,0x92580796a1001e3929869c8f11b07326cf790d7ec32be59d07c09630c8137744
8335833,0xf223df60a8146a6e109dff3fd0bf04284f6f3715709ac935b4129f8cfa6fef5c
8335834,0x74be467db350cd080f6901b55db58356462dc5d37c2a580c69889aba90595679
8335835,0x3f35499e5489380ceeecffbed92eb3a92791427175bc4c7bc1b5f56e4621693c
8335836,0x9f05dea995ce87b34649e2755106cbc3c64b4f4397b919797ec1efeb851be9dd
8335837,0x80dde00d99e443bc7eabae840a13041939bd9485ce19712895d511121eaa8a68
8335838,0x95b0c743fb836bf6cd232e7488fc57d5f2e0541474d5a4740b4c238306c489e8
8335839,0xe97fdba8ee3fec6b5fc756924b22ec38d64bf61e7cc20a00ffc692ea86cce4a0
8335840,0x62aeb404ae81a56c74dfd5ede2445e3ade807442a55666d4a89b055513b34822
8335841,0xfcd997571e5c3b7f455a2347c1672763b9e5f188fa0c426a29e509278bb31817
8335842,0xf7071c985521c04c2b640fb601c2969c50a3cce6cb1ecbb88f2aeb96c5714a66
8335843,0xeab423c010b58527320fafe9ad1851ec1f6688932e0a3b6c67fc858d18dab4e2
8335844,0x4f8f97b0b323def44762f337f58c6fc6ce5ec9760cd236cdb5d92b960230a131
8335845,0x67465c3e6e2578dae774665bc90b1f165e633bebe37123f9360cecce7e346696
8335846,0x3bdee77adbf09f349e2ab702007f27bc7277bb66c4a609445baa1341b7d6487a
8335847,0x4c7093b4fca5c2d5082f742518e5706edc806ad60f05a32c8b8659df711f2b65
8335848,0x0cbefb9d3da4894a53f68fb038b30dcf04c981083406451a220bf85c0cb6ad11
8335849,0xa1121df20ed9e5a87dba636403009d1273af7af8ff1dbdc475f0ef2dfd8457d6
8335850,0xc3014bd55322dbda6f8c02c21058e497b309e2c704d31488657ca2b694fc2b64
8335851,0x500a4d2ffff5f10d5daad52b40d20b301e31bf65ec3dab2d272b78cd4377b1af
8335852,0xabf9074ebc2b3f8bc178bcb436ce68562ed11bb7cfb9e9837449261854f5bdc8
8335853,0x175392a7a807808d848ed2ec23c2290a46a739142cf8e5d6b79eb646159a5098
8335854,0xb72021c674f8f918ad93001008781dc532c8e6633c8225889c764bcb6ffddf3b
8335855,0x6bfc7163fd0fb1dd35190de5b1889aa0af72d8b22759928aadb5581cd7159004
8335856,0xc2287efc90c3ec52f4789fca2321ac349584bab50ee7780e54d33de5295b2b70
8335857,0xbb43c2eb496a2feabd58971429a960527b0f5ba1d49b9fb4f80802e96dfc79c3
8335858,0x860425d4acc58d6892951d306b0a406f57955386ee249b4b0f43d91305367c5f
8335859,0xd02776ff13169c29443d4440b70a005e4d00b8d5113917822c2d0131a7d0ac64
8335860,0x596931dfdc8ec589a299aa00e8ece58374fb5e20d9fefae01f55b97e6c14e127
8335861,0x796c3e979f26c7ef00297d8445bb89d4adcf71670ffb1a7cc378d12db6167f2b
8335862,0x8ea82927fe24bb155b471f367df1477e9ec4c79e8c8c0800453e9352c2ab547f
8335863,0xfdd8ac75bf4d933e49d0fad98da24061feba94730f32022dd76a5554a7990784
8335864,0x713312fb75abe3f9f5e801f99f01ee8a495a95286f5dcf7b903e202541f5bd48
8335865,0xd9ab8ac5db75ccada1f3348a69452631db98675caa3c0dc0ea105c9ef4824aca
8335866,0x610167468ccf45979332d5dd0cbdc598ffa4a23eaff65691bc7d6c9442078cb4
8335867,0x7586238b4b698f98e91877899ab2eefcba01b5339b0fe874600c7ce21e38052d
8335868,0x2890294a7892cfe1739d4805438dfdd164d197750966dd21af79ab266c7c65ea
8335869,0x26abe9c9819a65e69fb3fa4b472000dd25ae3e77f5f5e924d306b7d951252964
8335870,0xc52c017f6c72bad3354dafb9c8df484ce3aaec1408d159482c187ac239db5dad
8335871,0xc8082bb9c02b97feebc323de0cd011acab7a1cee484d620d2b2416a7787d9843
8335872,0x933a37d378286fe51262ad11d9b06e0c6b32b745dafe313e7dd716220e39e12a
8335873,0x3f8794648dcaa7da028150b407392add008bb6e9f840377e9a15991a029b0d66
8335874,0xfdd92d8c169a3f6f801bd1e7bd4088af4fd1ed56e6866d44a0cc39d175ab6c73
8335875,0x2b2b2be567f83a573055ea53c37266c3c3df56d0f57f9683f327b43a8abe8b05
8335876,0x18ebc9a52cf4b72a7b98ada44a71819ed546f49e306b2de7c8803878088300a8
8335877,0x983470b002931f9e12bd45de0eed2927ae71fd0fd529042640bef04e974331ff
8335878,0x0f7dd4a937ee239aac62e043926671ffae301eebda81ce50fe4837441f4522b4
8335879,0xf4bd03cfeded2c64e53bc704bcb47685b0153476caf6d9bca95d5d48f4b732b5
8335880,0x50dea8ea5d29779709244bc9a9fc47cab1a337c3d27e3c624ed9591a53e6680e
8335881,0x1e7f55e61b994fcedb2c9c5d600bc2aa2a779d3efe6a3604529b6bde8cee49e5
8335882,0x044cb4ad0667a9c4c8637b345ee489b4ac9cfeb6466020e7c7d7af751ba187de
8335883,0x4f85b483a3cf3a5c7f5280f7567bec5e62432db4546495acca962bc6f708769d
8335884,0x5530f2501d6396782096b17bf71a0f6da5e49c21484885d13a1cdf1fa1e12fde
8335885,0xe48e682e5b4499ad141e30f22eca398775636946b47719e10ff51e1e4c31d90f
8335886,0x1daed862d4d0630ea94b0198c41b433c26d72a5cd3442bebc94586333db042c2
8335887,0x78796f93d6228dc0a6ccf5ccd4e899586c3ae7fa5466c2aaacd948a652f79035
8335888,0xb75ccf624de2ff50a33d9e33d2454090b3c65b85b0852a97b41426a264680dfc
8335889,0x76d8ca2f11557e137c7970254aae4d23813645dbf854d76d37befde8e69aecc9
8335890,0x2591a2a2ec51dd5ff7a394832eecb48e42f7a4fd83d55514cd991b5c67ff7e16
8335891,0x186d58f8984deb70411b4258ed2e807e1c056e567472dc4c27cef8bed022b71f
8335892,0xfd955b3f4c73ae2a744291b8315ec16df6aa9217c0e4320931e96d64c833ba0d
8335893,0x80f2bd1cffcf132c826151af096f0864e86bc4cb52fc3d0fc1697c4a1ac6cf4f
8335894,0x1509041691f4aa6c797b1bbefda781e078905d82b1d96fcefaf1ba130eac708d
8335895,0x3e63c8e010a6459eb8b7678f776cb579766a5b00de9109326757b342032a6fbc
8335896,0xb58fb1e95382ec8e579684528f514b5d857513eb25f14478c4c9738310e743b4
8335897,0x21b01f9d5d8d7f6c2c3a3133341f7a997c3bcb481def54e4167f03c48f9d1790
8335898,0xf2ed931685c603c7217e8c7b0495bea77f57cae0dbafcf11e0b284380f1a56e6
8335899,0x83f932028309f7903b7b06bc25ed16f2bdecdb0c064e165647c2a2a5e1f7a334
8335900,0x85d363a1c995ed2316a673e464acdcfe45b2b5730659c76a2d1a5b3834e5977b
8335901,0xc2b4fa004d924deb042dddd5839408f81cd3f04e841e777a00bf1f31529aeefe
8335902,0x34a66f7abe65582b3fa78ed99e9633801ebc7f5c7a3050d48daaf4759632c424
8335903,0xeca1a20ee8db22ede03927f6a5c9bb665754cfee8e6268e649b27539449c6aca
8335904,0x5e235ea0c7825e89abdcac634b0aeeb804811a365fdc2b5409f0e2ccba9f8a3e
8335905,0x9d70e3338eaa22bb89c12a92b7c0e32a9ebf95537599aecf6370b9ba691d389f
8335906,0xb1b78eca7316e3ae9dc69cbba62705bfd82d6e2f948dda4c2a678532c0fd69ea
8335907,0x916220f661a27f09bd59feddaa7e653ef44a139dbec6a5b54a9de91a05519634
8335908,0x3556f5b7312f03b9fbb0bcb78012a42841ddfb2f49f4707379269fa74709f8e3
8335909,0x5c84c67de270d7bce0d0d52a71b0b0bb6e05b9f2ccfa35f59739a75cb6936f2c
8335910,0x93bc5108529c444530ce052f3e81f832f6264c9380f2fd9986b722d916ff6715
8335911,0xd889bd79a7ae5dbb7b8034f0920b6fe00752a137aa626fbb966f36ea21f13e29
8335912,0xb3d8f76b83eaafb1f4c9778a9c526bd00c1098e0465d69c3de5c09a2d24c9b53
8335913,0x63d22b57682db3b6b7170e9d1994c2e876d7983d9165429deb5229a5f3d38858
8335914,0xb1d618ae1847f5e0f71066f84c37b71d1f67470b49201aa49477cb944840725a
8335915,0x4598fff0eb04959f94ec1d06efb1ff03f3b5e31ce922774452f10140dfca1e46
8335916,0x0018165bb63f2e74b71f243be02f21329a8fcb36aca55e92d2ea52b75d752a17
8335917,0x33a269c517674a0c8bed13b7737cae9cda1a577e18ee0ce94c66109c4a8ff3fd
8335918,0x39db1c953629601bc0901af8d92a01cfcc9bea366e97fdccd6c44205b0357831
8335919,0x1974102586133d6635f853b496b27c0ba6bd8a8d824a1b4cfb483811c814c305
8335920,0xe0b5aa2ef2942d57ef4d7bdeaa7e03b176ebb8ca588137a92c761ff0713c6c1a
8335921,0xf3644d3a68fb45e327b540096e7a18c9b16b32a642eb859e0ddfdf0275f730dd
8335922,0x83045e4661c72132cdc43488cade57914a2f75f00193a7dd5b015ee358fdeb70
8335923,0x165eb119240226c086c417e941007fea4e02922a863c7b5d5f32ebf7375fed46
8335924,0xc73a89bba87e3ba514d94fffc7aa147a37e57c11fcc16f85a6b8c78eab70bbca
8335925,0x96ca5b813887eb422bc6f46b67d42f1b2ce2865c0ff6281f100175611ff07c85
8335926,0x75c4cc38771dfa08a4e28c5821fe7be347eb2df3930af2b553bc2335bbaec66e
8335927,0xb2ef5cf291069095245cc300c59212933b386dba50a95c7522eacc07c034f4ab
8335928,0xc7f8615d3f7b78f96e4cd30662c54d743e941d307d35266e4e2a85f58a53ed2a
8335929,0x155506461343baa853dbee778ea488ffb225366c55a85dae5a34a03563f10c4a
8335930,0xfde53c2d3e5832e69a2c45fb2c75615f6111c229a8b5fe72f1b2a8ae6b2bf657
8335931,0x40bc138ff9fe3dcd6c3a40dca88aeda48d8974aef9ae7ec92351ecd152688d27
8335932,0xa465dc04dd1c54a75a0046908a7e0e54f0ba8b2c50c7e9c5e29b552d67ad3a75
8335933,0xea6966596384d2c118c8a4a8b6a489bfb2ea1bba18117e482e6dd5192c18ef86
8335934,0x7006ca5140205231fefcd21d2650e6d1b548a6f7c059e59d571bbe98036dacb7
8335935,0x9ccce1c55f67f7558abd49ccd22495d6cdcfd18fa330e12bf840bfa96de13f0c
8335936,0xe6c12afb9ef37986f092a9708721f979c82440adfb546b47d83d34ac87aee528
8335937,0xe3c27692e3b172a8741187c1d2c78a9b1f44c98f63e5009cd1c71fa5addef803
8335938,0x81f556b2ae73940dd8eb1bb2cc185693f297ba3e61f4af874516dc76c38c357f
8335939,0x77dbd53c87e8b4d2e7323c2509c2df0a7d19734338dce72e4aaafa06d11e73b4
8335940,0x5a5d99838332018722bf7880b79f5baf6bd14c70c170b911888171f5aed755fc
8335941,0x0d7188c137c46a70e430a05ef9ac080d194666cded4c490d4dd291d223cc9a57
8335942,0x9852a509c50b9ebf646af17cd62a11820bfb514d97cbe0b90825acf678c5c39a
8335943,0x23ed43e821e03b8776bff9233625aa44bc7961373bbb507e0451fbfff6938a21
8335944,0x2cc411946c9dca15e01236e107225c85ba042bea25d6290af2571bd3c0094aa0
8335945,0x3a0a3f6af421e285de17b2abba8d43f0fef370c1a55f35109be14bf6a242d0b9
8335946,0x392e8d9a406cd5a9c325b604114327bd92210b6f3604c33b5ea1e8e5c07097a1
8335947,0x23e8a935b05932ceaaed5cabfba172b0d64760adb7d163b2035d63803c516315
8335948,0x1d54fd9454c1fd71521dde1ff5e9c5f6647bee2ca7a69553dcb5163b8a72039f
8335949,0xec01571657475c141a4a3308e08301cb1bd288c59943fbab497f4bca9ee4bd65
8335950,0xfd7cd4a32e10583f1e83647e57124a61cb64057f0da093738d26e8a41fbc694c
8335951,0x365b0d7f2b202881316f0c80b2755282f12538c947797fe84c43434d3b4f8703
8335952,0x50e8a1b0b53b34e0a317ecccb2737d4d5b4f989691c3d7c41652068e31f95fa2
8335953,0x0759d4cbd8bdf378b84bacb43e39f9bb6e95e672bfebd8ef78eb5c1a9742c99c
8335954,0x7272c9bff7ad6eaf6e10389ed31f7713d1eaca04c4bb9734ffaf26ecea990b35
8335955,0xc38b9eea0a58648af92323c97f50fc9abf5253978d1fd8d5c0c36a5c33aa75ca
8335956,0xbb512de2a130fd7c84f787c8d02e8d33e8045170de8c206dc5826f20d26bf53a
8335957,0xf1c65c1bfb842a98b680f02f57522a69db9795420b7aa39c99d2f195af93f8e6
8335958,0x7ff3ae5c19cc912b7548246c13b85b39532cf8e6e2106a3ccef6ef6d7615f6c2
8335959,0x9de3edd391b96aa494d3c42f3b2ca674ad43e23ab4d6ae337438f6dab0624359
8335960,0x7adc8dc3445f176d3f3b6619065ae1bf9b9c815237058afa4c80e73ec43c0a37
8335961,0x5754af666e66b869eebaf5dabfa32d2aade42db77e09cf8756c12dee271d77a4
8335962,0x209f264ed3d3d1678922847712d67d52c41a453d549b386c9f3365e45e652d27
8335963,0xbe82bc4a5a14d3c35a1f167fd43a39c48a4880e72b298befdfa2f22c027ea8ea
8335964,0x8d87545e17e8c43175cb038843e1a798171539eca0047bbf8658b97242605863
8335965,0x8932aae31c37614d954a02efd61c7fa51b1b4b4dd27f2c28521c4411ee0a5287
8335966,0x8a9ce7d4eed65015f493a9a704dc7a5d4a8a5d5522f18b7721dd5e2abf4010f7
8335967,0xe5722ed471a31110c150d64ce853dc60eba5f05a90432d7b0158149b1a9afcc9
8335968,0xe0ea441f0f98422fade5f07a9d88826fa6d905c10a690c01c7ad9a9628e945ec
8335969,0xb0ea5a3e2130967ffcccff054eb1066254b704a249a67bb72127d92556f9aff2
8335970,0x8cdb638e1e3037b05d07909de8ba391bdf382f39a6d946ee866a50f6dc069d3e
8335971,0x4d5771fc83d555248be65043cd474e16a2b1cc23a3b1d16241089fde67504a91
8335972,0x5025555b967fb9f05792cbd19407224213f2b43dc1252fbe410e2d680919fcf7
8335973,0x3354e5fda07966ac68cb84a1850dca6feace57940369479c59cb7c5f6f93f2a2
8335974,0xa67829869cf3c9538d26e7ef534b2301c7b845a39f3f190f2877e2a2e00df622
8335975,0x50db7d618817bf3178b26735b74d21a4fd2eab5c0289b2aaf6fc2bf7725c39b2
8335976,0xf3ad183189cab43965668cb6b90be1c38dcbf414e662f6f945b2231ee8d7ed9d
8335977,0xd42ef8ef1b03391d4d642c5aae6abf4ab4fb88e1eaa76504a9e8635489dda514
8335978,0xb1802a2fb7cd51969c3cb98d78603394c973e2245121cd5cd0b22fa33450a82a
8335979,0x1e1ffcd0b915490ea44697b0506779fe542bdd8efa7b3b89a904155e9111b445
8335980,0xc2db3a764e6700e87f0e6d0a64144def14c2845dac0e5e0bef6ebd3a82009120
8335981,0xcbaf2aadb478ac32a9c4c3da3efdc4b6ef238b7eb5a876893d26d224aa6a91ba
8335982,0xca48d6e268414e6048136e3de5c4c98d88893e9c29236608077ee56c90f4b55e
8335983,0x6f64157c0b9c40ea845b19ae0d38246389358a18e6eecb5ca6929873f163bb84
8335984,0x4cfa4756cea1f9abe7c0210d548869d5f929c0f7f58536192e5c1bb4c1db83c4
8335985,0x96915e3158f92fc5498ca62aba6a9d59644d6ac899a1b3641702d24db93fa3e7
8335986,0xb32cacbfc549bcf69489034957581fc602dd49f23d2d651232ae90b6b23f04d1
8335987,0x2228cb10e9aa9a2192fe36fa9e74dd0a2a4165d86db973f00c2af05312eae710
8335988,0x45b7d2ee93f98eefb1eee7231e19f2773d5a1900bc3f7025ee17618371f5117b
8335989,0x178c5341cca7dbdcc1d9d0c17cf494e91b32661e61d5a9eadebd67e52d907e11
8335990,0xe32824a73e0a5bcebd47b563b10d15d3a240df314e60bae9b17daedff61b7298
8335991,0x1cbff4d362d8b417d4c64084525f32eb321949f644ba5e1a49c2549cdbe33cec
8335992,0x3e2722800ad11270140251d25ae2b4e8e49c3d0f171abc713b6784c30f7b9851
8335993,0x1d4b52385ff1afb1f13a040e807799cb04a1c977a1a7d8ecf10ccaf71e604b72
8335994,0x20020928b12ee369f6191d1661a6a55fe7b1cd3a1a2ed7ccf4b5d5edb5417cd7
8335995,0xa646da5d1f01f6ff2077014cb7887bd0e7fab03a9f7b367db4065114d4cf4edc
8335996,0xfb825657ab35ae24ffb707977a980bdbdcd7994bbce1eab02b8d6a8f0e9be46d
8335997,0x95c36973bc45047115fea6ca01772ac3b714eae8a26bba648e8eb5b345b95c6d
8335998,0xb8e68e37e0ccee31878c0ebada9d014695225f5b20d0516607309ecfa3bebd0f
8335999,0xa85deee91e51f6f2003c304b2c49cf8465aeeb02a94d745d205bee3b56c95dc7
8336000,0xc3a965d520c658e79e2ac7aca37b1cd9ae8dee291318d370816848bdc5b66945
8336001,0x996b30bb19b407bceb123f4617981701818be3da12291e5a47d8d68a0e2bc510
8336002,0x35c4d1f1debd567166bfd1c088da7eb91fc9e1b504d469c791cda3196165e0ff
8336003,0xf8ac58d6121b291374f232597a6c6825b25cff5390a9d255e59da98ef042d490
8336004,0xdb8a39c3f8d87ca5e214d2c83869c8e4bc32657992e6c5dd4279bafb50c8996f
8336005,0x8d1e48e155d076348b51adfb1e2d11f017c002ea4c3be542bfcc6cd82cedd106
8336006,0x03fc3f92eb5dc4eb6e4b9b47a28353fde6ca4c51388799a2ef51d13b22add365
8336007,0x47fdde27476e627364ac730528847d0e1ae84a2ca0c5542c2bf51623feffdadd
8336008,0x3fff7700e13af6a366c9a4d85574f88ecb04d351f53363b562655136edd83a6d
8336009,0x45e66b5249f7093eb79877fc71256985a92bdd85b97455bddbb9012f26d69146
8336010,0x0f9b024420203043366ad4b4d5c46b8e36eb849032b4f9c140bbb0c07637bdda
8336011,0x2de8ca82f8e3d423e089f46c26a948547a4de7d2ff0739123beb2756cc548cb5
8336012,0xcbf3c7a78f6a903dad1fc1d353216a6a192e75bf4c0c3feba16b782c28ec0df2
8336013,0x65754fb50926b9aa0dd63d196ec38eac04fce81a3a8cd2822502c7bbd2954a90
8336014,0xb4bb42e47b6736fc38cfca17f8818ff7789d9a042a8bc1628ca70c98fc3ea6f9
8336015,0x7d1c4fb59b4ef394d414c12296237f526532a3fde06b596a8fcb20205d7dde5e
8336016,0x3520865697d107cf2f4ea950e6fff62a1c9d9d9cbfd2e69cfbc441e74627a671
8336017,0xde19283fec7dcd86438a9145b0eefc74ae18bdc4da33d16f06131ac85ec7dd36
8336018,0xba726c61c1effaa5bcd53fc585e06c642c23b9d7bd2e22090d777fdb677fda49
8336019,0x8a9dd4f17983829e88e88dc4b0f5f94f02d4b2fc7ae1bc31bffd79a27957ea2c
8336020,0x4bd875044da1c8d45937750cf8c932334f93c0795a3e3733f3e92b6846416d4c
8336021,0x22ec9a63903d4d418037fce082707b245fcc9f4af8264243935b2a5c646b3012
8336022,0x5dea849f1938fd6e799beb1f54fadfb573f2d3ea888256f69982ed783bd4ee2c
8336023,0xac0be45427011fd6fd8e4cff2581d9df2b72c9a5d9ff582d5dd7ef2f7b7f877e
8336024,0xb16301962dbf7b5b0836bdb8f9685bc51661f344d01016adffd992b163aa5f33
8336025,0xed8112277af9e455e57aabbb3a5e9a50d3fe5cf067e4f136d2e85f2aefd17617
8336026,0x64183dac1b115533e017579ac1859b7db35705624e35dffe3d5029afb046be6c
8336027,0xe0113a20104ab17ba6e9c55b485d4261082894d37701d32a594f8eab3c14d335
8336028,0xd9f0e0e7a9c47140caae35fae0e3031dc9fd4b8e5466894d5edd229a3921b6fa
8336029,0x7d1e8d6958b0b08f4840a619b563d2341fec8c82f15c90e6abada2f1fd85c285
8336030,0x71fab8a9b92a11090a93d35c09f3ff4278b2964993dca42a5a341f2c9c378142
8336031,0x8852e58deee96057f51fee0b2e48908100cb6681160447957d125e13b2e1deee
8336032,0xd7849c3a6943bfc782a88244dcdddaa52da3df24b39e1db19b77e320827eaaf8
8336033,0x7763ff32e0b26201c60f0fe0e64b9ff9c16d2075bcb2ba7cde0dc427154737ad
8336034,0x4de65ca16e57729560c39f8f96dfd69265c5302aed02748b9ad5b60d3df69b9c
8336035,0x8f1f582362f5790377cd7198ab334b0252850ccc28b161c4b356d2e162461fc8
8336036,0x28de7030f7b58914a91b56d676b68ef821755294069c58ef7b9a022af6a2f4a3
8336037,0x7ac28896f40f984657822eda520bd46c0511df5fba852bad1d54fd13990791fe
8336038,0x9172d487d55e89f967899dec7fea625ca39fb8aa557c53a35df8ea0defa74e84
8336039,0x0dbe5d3dc47d709517c9aed44d7ceb7cdab7150ca2930ce6e53489440463d319
8336040,0xa6226b1bec2fdb94b19bdf923679f4dbc310457da8099dafc93860370540f054
8336041,0x6b4c18406f375b6af534e8483f02f98532225f033089b89d90d050e564608caf
8336042,0x38c5e83394546980dffbd4acfc63c0a3ea38ae74b426313d36ced1179108204e
8336043,0x1ddc106b1e5e56564a02f8f31cb97915de9a5b8ba5fcf78bd14cda6d896d72a1
8336044,0x41f076e9c4ee1e71b717c2a07018ab00f3e9bf11c1bfbde44ad114d94bfac18f
8336045,0x0615263d0cab6c16cee9b58059f5e6d1900983e65e54a88af7c7365fbd30458b
8336046,0x50cb9d1a96c1d7109679d5f8fa34adf0c171511e192fbce27313335ba851f53b
8336047,0x0a88fed60fa76c594f95ad721de2a7fc4f0677586c87db75c2ff41023dd43861
8336048,0x9a3dd130faffd36c173e5c6d16f9f8ed4c7c8b4b0021fc6a1a53a84d9e6a8d21
8336049,0xd5a9f8c97ce222ebe39b22e0da237a8335e4aaa602738f3e58d4ad947fff5fd4
8336050,0x4ef5f9ac42a05c5267767a0a6f1ee4f184b853eb5b1e8fb2dadd5b888221505e
8336051,0x8718341033da728cf59b47960ac6d982260b2fbb0bd38d401951aa2ce6e3a72b
8336052,0xd3f12423b453cd8af8319693b6c5c8eb662114c001213ad28362fc0fac597732
8336053,0xff6968b6d948342b70966831e018f098a36d6884dafa2b29c5b40a8a78e89f04
8336054,0xcb3687f256702ec6db2fd5f869303d0b005c53e692664ecdd0543b4ed8011100
8336055,0xdd639829fd22983794993ce2069626fdd1517e6cd5e7b5ca8e72fd0090138faa
8336056,0x848c8e8d8bb0d791e22623fe9e01b7b2fa8e01c692ab6756eb83dd29483322e3
8336057,0x24d55c8ce212f8147410fb2cf6b8185a5ba4eeec2049a11f91d3febc69aca1d5
8336058,0xc42f57e16359c4f8fca41495f6b7bb88cc7b40232df821ec87d061aa65bc664c
8336059,0x29fda4451333a5e8e94672ffc49e55cedf1141264571bb7c5d5b8bd3a68acee3
8336060,0x96776b659b644a920f3198da489f198e013304b3b682bc121216cc37d01b5504
8336061,0x79a6e686d95f02c1479464c14b91796e0eb4d7b1552948e21e06018ea5e98373
8336062,0xa8b2a1886e33055bec1e49490f40f6b3cfa5cc8c3f162ebda62a18cfedc07ba8
8336063,0xa4c0dff9105d6cb96a0cbe72f8ad79b93fe25c7c3ef573f8a4741fd3224cf82e
8336064,0x268049b788e6d91999c4f74539cd2f7bdbf74f8e23e5a7c85a528bf66401ce90
8336065,0xe9e2b003761d5e01ca7d9f866ee65928836cd4d0b234e4e12f8dbfcad237fb48
8336066,0x752bed6be16bed6800a7f40bec143a7796e4cb7fe38c3a15fd977a8616836bfc
8336067,0x7fc5c0a3870b8b8429c7e021aad4210dc13357fe0c502e5e9f59f1387464db33
8336068,0xcf9fbd5968a6366e439aa026279625605735c97ff42135d68739ec794bd31ad2
8336069,0x2c74aa4bba1aab34ca8c54bfe13d0294c3ba137afe582be7a359e6502efd5e82
8336070,0x0c889a35c549e9660bbd7bfc74e7467101a397475b32d9685eefeb44cb06ed66
8336071,0xe5a51121075dfe1587c37d77d6d890e496d9d2b20e97c437197d43f7317c494f
8336072,0x10a54e2e34cf44e8633fb90c61261fb027da2ee2bcd2ff13346090d187e9057f
8336073,0x61ef32a6a429167cb0dda7802a012aaf8f8de5f50b434703605b49c9b5802f8d
8336074,0x6cacf4c324873b8d5b0df2e440ddc30a8479b725b6c86bbd89212dd664e14e06
8336075,0xbd959e01eff1d931953be0db5f9eec60c2ad2841110c24d00a78956ba06d7674
8336076,0x004f3309e64fc471affdff1296533a5df027f43e2613a5ba2f7ccde63d534040
8336077,0x29767ba344698be5ceda66feb2d77a84f84d8eafc0f64b7e7ce6cc3dcba99530
8336078,0xc6dd54305ff06c8a818696cc1b764fde4a7c8b798a4d6d1302c869c083a55727
8336079,0x622d484c80873fbe1652479251a59dc1254e119e702b67cf339e164f50cf2abd
8336080,0xf7c56f851e5356f92e68c869c59dbf2c2447d7d8eb75d9abdd48506562b2d130
8336081,0xd0f92dd28c3d263574a7fe027bafdc9661d4f2746573175cb64181766baf055b
8336082,0xd9bb5435235fc364e5707e1f5d7e3be36718749d042725d020583207a92b7188
8336083,0x84a1687b16683dff269695e7de7474c37d1cb80a850a78b66bf96a618e125e8d
8336084,0x612b2c02ee2bb40d517b4de904d57e1fb235a20be8d762259d920bf204860e27
8336085,0xce9e43266d06f7a98a2fbe0aaad5241f13abdc2c69194d6b3f46c28a689cb26a
8336086,0x531df797b4085afef82fb2ff568f8b797a776a1ced2167e481ae04fc14351f8f
8336087,0x3ad5d1ce081175d2c95398b256c955a1ba9cde486fffd5f3d101c387cebf0592
8336088,0x93234debe92c746141788f2c0116af6aab1fc6a2893598e68b32136c7ab07da7
8336089,0x7d6356a7b03a9ea93d35a205ebc3521083ee83a0bf27b96ff065d36b3a45a18e
8336090,0x39737ccb3ec78d3dc228c7b41f732a0e1e2b241ef5a260581d30549ccbfb551c
8336091,0xa63947d2771e34e252dfff09c47d1b364305b83d9e039e4ab43755b7af86df88
8336092,0xeca261ac1576d1880e5d76c478cbbea10baa084d37a23bff9e2e857244b29099
8336093,0xded20b42934c625c384cf989e28d31372bd90388a60c5a22466e8faf8de402ef
8336094,0x261c30461935d86c646e90833b14364be8e58707251a74deaf943600a76853cc
8336095,0xea7bbf5c76266abc388967e8e171127a0e1f8ca4f984f4ec4fd1769ae4a7525e
8336096,0x9c94239425212c4695314da178437394a86edc600dc293c7df3d6d0be1f28113
8336097,0x1f60274d06ce76774100dc50c1d3205924174d5a73b5aa03e088e3abf911f695
8336098,0x65ac83655b28df867dd5290e5979cc84a2667870778dce5999fd64c75d4af37f
8336099,0x6d25a3b916eaf595374e0d0fdca2f947d4983fafb50986d426fc2c1fe73db2c3
8336100,0xc8a964608fe0ea345dcd4307934d0ee0f3901db677bffed4f2b9f843c8cdb5e6
8336101,0x0a2772266ddb3c6bda5c0d3c573fdea5c09a4251271cff9afe4942e2c49dc163
8336102,0x49d4e399b5670e86857c02449f42a9e541312915a575c590b2cd46b332d6a0df
8336103,0xf075d556456a20d47c46f30a4ba12b3d94c7d8bf006dbd6dc2504fe4b652adea
8336104,0x9c91baced6eb767d0ef473a6146fe74c088756af605c300f9471d9c09b2f6041
8336105,0x0a39314a6f502704a065132fccb7d1651b9ce219d90918c506b6b11d6d00996c
8336106,0xde41e002fb44c9d2dc034dd6617fba714c27b53a7c719b8aa34f39734e0abc0b
8336107,0x057561d16eb304faf11227ea9dcbcdead86a72953a32d84a32c579963dbf6f28
8336108,0x69c6c836d971040f7c5e4d70c1893481caa0d469d2817f084dbca3d380be4f3e
8336109,0xace451eca227a1c7f9e43f706b4b2aa5c77ea0010762ba71cca3c38e815cbcbb
8336110,0x7306278105bf7dee0d23a38046fbf2b1f6b8868f5995aefb317645857f473711
8336111,0xb6dc55f12161c10b9191d2c15406e5f0e57693363bd07e96805c383a8463af23
8336112,0xd4f28ce3000dcb7ec943caa088cd80c826ff8d4878987c464a45a7705a98479f
8336113,0x6c822696f3144c96062ed84becebbcc5daa612158a39b7bc2c4cccc13b6afd42
8336114,0xac05ed7e02c1d813648960927210422d21f94489f945eebc020437bf7eaa3065
8336115,0xa264f14ee941d7d035c55220b29d012059ffcdd24709bb978e51068999d53ef3
8336116,0x0e47db00a6e0a44b2498f82dcad884905363fbae19556daa2c6f45afaac5dabb
8336117,0x7b41e1c9500ed3a2024ab4b84c7e905c8bbaede64ad060a6289b2d853a555bc3
8336118,0xf25e6f7ec02877fd7e1d2165ba81d1f780bf522a1bc18aa066ad547f803fd4e2
8336119,0xc78134bfdfdea6ac3a689857db583fbee2fda90fa9f5d70257f81c808110abea
8336120,0x1040e373f1e74e6c6507ff34b3421cf7abf6ff318fbc5b2a0fb36d6144c65a07
8336121,0x935672af5d60705eecb4290d7774c14099686f3a34e0abda132a14aeaee5f03c
8336122,0x1753968c6a319cc4669d407c231262ad6ee44eea1521d7ed262ff43681d275ce
8336123,0x05ad2385ef4d31659c7df196830b4c5febdebced44b02ea3198c774340ee6d0c
8336124,0xcfb8204711002f5dad26b35776afe3fff3a402c85de4c7b2b8615b0e22546e09
8336125,0xe75295ccc0af218c5bfa599824ee3c6c45ec66ede50ccc304cc499e2910db808
8336126,0x7368e38cee2f34ef6475559ed983b7d18ccf58148c619875a6795ceb78c2b10f
8336127,0x9f8c25665dd8404bfe32e0a37bd6f426763427e6e123e4fd3e9b32b6137ce4b7
8336128,0xd6c753237fa5b8b9413c5f642341426db37f2cdedb1ab06be8de0647c8462726
8336129,0xc494d831f274838ad87822ba42a75296a1d7a40a04cdb66213d928e2f6af3784
8336130,0x17c8c66e8cbb901622442358b3e2e0fd5c35e2e870a580c422b6f6c08cbcd6bc
8336131,0x45d6c9d8ed88a4edfc08bf979266bf5ae871861ecf38d394beb2fe3618fb24c5
8336132,0xd08943fad4ceb6e9c2fbbd754bbfd23c6afcb8212c05f36f0da9598c20aae4c9
8336133,0x9907aaa950f271c9bba39a1978811a1b9de8bdde9299c9a5d858067becc5592b
8336134,0x8f3d73f10cb393973fc15ab0f1beadd3efae46c4c15dc1943167cbec76186c83
8336135,0xe6ea841e064fb197be9bf87b79482f66d9a4f11d6e58c620d49c9e3e4234d622
8336136,0xc5ac0121e86fbdcbe571e9b84a5843245d799923be4a396bc5cd5d8220454bf7
8336137,0xa66814a7e38d7753db16411c23e98a47440d91b1c77e4ac0f264dc3bb1c6c037
8336138,0xc2cc8aaaaf740ec8698ac30d97d73197dde8a30d619292272568ca6ecd2905f2
8336139,0xa2960bc4fe17f5cb2442ac6e2d3b414b51fd4fba3e72be39e49d8275e657d90b
8336140,0x4424dd1d2e00382e6cf0ed10e4b3f94d6f4418385a7adba214b2481354556325
8336141,0xc16a809c042ba0f79f82bd54c2a775e7a7deb77793ccdb50e9242343122b1829
8336142,0x483018ecb153e3dcef9f4cdf9b5f6c1bd604126f716455d9fb8c20b452b2fd6e
8336143,0xc6078c9e61ad10fc395f5ebbbe8b6d3d0fbbf6172b3d721d4bed27f9b5657877
8336144,0x91201f3ee47e464135c39bba90888647c070b496df608c47dce46ba598465a81
8336145,0xc275327ae907e8c70a549cf255b42e1453df024a3205bcb629596055fd0226da
8336146,0x0f7625f431a65b373190e33d8d77fd4032c99f2e3246c722b9a8603d52119d07
8336147,0x3eb6cc6c3f0900bbcb196db64d349935c90eb751f775569325f5158116ce61fd
8336148,0x30648e3a1b581fd374dc5557373126f6ca6e292b57fd92a76ad0fbf715ddbb9d
8336149,0x5b90e885c158a485b2e0471d5e2d7e4444c2f77c63c65472d57f9d2828a9cb0a
8336150,0x2f32ac9cdcd46eea0522cf9ec0c324eee07c9c1ee52bfeb0406925e3155da91f
8336151,0x35ff072d8bd4aa4b251dbd642f0e9e6e7759a607336aa600212e043533c3404d
8336152,0x5b23b4a33078be5797cb5f11c74bec84e8676df5c960e3402de21ec91048f0e4
8336153,0xd209e4689047192a80699d7852fbb9307be26ffece5d2ac236b82432751d4fa3
8336154,0xd2e9ccbf0bb8a582ebf8bb5f184d36aae8223f19a0e74de24a71b6323e2c6eb1
8336155,0x70470a834264807bddfc9ecf7fdb77dcaf753e67866d3bbaae3f1e9bd7be428b
8336156,0x7d41608815cb9f7b558c0f33eb9df87a9a3cae955abd40d6ba11785d71351728
8336157,0xf59f545235a5fca60a005b1dd709361a34111d310f95cd1f84e3243468c338c0
8336158,0x8ea2b9245847d9a72771c0e9cd5a0732320b26f04756560ef47d26e217d015b4
8336159,0x9729cf34fcab1673b10e07092a0894fbabc6045747a59fe0dc2b445255a777af
8336160,0x9015936951b56815f2baf5d8671d953d1fdb438aa8a37994bb1cdd183438f648
8336161,0xfae36b0238f9bcafaef88c78ffae831c6f0b80b54f112dc7c4b73d006fde6b5f
8336162,0xcd824029d15ceb6e240a6cdb934e547e813b2159ece91ba80bffe10f71de76e3
8336163,0x0f59ed9cc3d32086eb45be62d70a8698c2daa1519c80ef2b8d102b0e0ad1b820
8336164,0x2f3987b8a0d12f5b083f275d8a847982611ef2b50fcd985768439756f0c4be7d
8336165,0x0a003c56f2f2df16e911bf2fd188d0a53372af9863ef3b15af3884b0808a2fc9
8336166,0xce6b4f316e7fa6eaa6cd1ed7fe82c7e152f1160717d9abf78431265238882cea
8336167,0x842db4334ba835424c14096d5716753029ae52ecff962ac53612da3a484ddc4c
8336168,0x7131f57c54539dcddc315bbe2f3eaf5959c95f244c5858062efa96ee6882ae39
8336169,0x5d932470bbc382326c03ea5a65dc4e55a1220a4644f7499fc74eb758d7f30673
8336170,0xc3dab4dda9ca8d753ee108271b0f40b0f8b0734b348270839f35dc214d86138f
8336171,0xeeb74b435565177aa9eb99e6db0730d8e136f04baf8a21cd40c7788e6dbc4b14
8336172,0x60abb09ec15d29159da09640f662d7622562353717f509d58ebd4c954f8dc5b1
8336173,0x061844b737e93a29f9008754984c26bafb5b3e700f0627a5f3ff3b868bb4f994
8336174,0x85e78c746dd004522872cca4c9f06f90eb78ef95a812ad6154748c9013d998be
8336175,0xd33de7159997b818c990317a7dc9e9f0bff6bf1fe79a0ff591bb811c65663ae4
8336176,0xd424cfc9ebaed12beb90fb6886d7c4174bdc4b22b872a9b47926fb4eed220421
8336177,0x21244c7ad02235a3e6dc907a2c7a25025e3e075e72b39704a496c5de29d45f3e
8336178,0x4b305700f747456044d202c9b2736585da087f626f1d45542860db6ce3368b71
8336179,0x5400514c530e1c6c192eea02d53f76334162c30d23f9885c8f6f9e504d321ab0
8336180,0xaced1b2399694ae5e72135578d3df6e67a7b589037b6ec9b42aaa48e65e06245
8336181,0x9aa20cf31b69b66943849a1f537cfd935b82f38ea9295cef3f51658fed40a677
8336182,0xd8f9ef265540f5e83e558d3267c21bf8835ab75332aab45b7f5c62102cbcdae3
8336183,0x02713e8363796042f232b48d2c78b5f69f404282ec8878f4553289567b79deff
8336184,0xd77cbb890ba6514497daf6b4e5770d7dd799d8fcb28114bb6ab47a5e64a72a1e
8336185,0x0d55c137927bf90c16791a15418771909204c6107f0cb306de3a148ea15aa09b
8336186,0x872df07781f6a1dadda4ef3026488043a09d049f620ad1cedccd282c29131b52
8336187,0xdc46d95ae2e3a77f89333cb7676207ca9d676187129141712fc7f3039e25990c
8336188,0xa692fd51bce9f12b955eb39c47b8f3e6f25d284fe6cb92a735aa6ce81334bc0e
8336189,0x56df5840a598326b227d9c2825d191d5cac6c8e67c95f1305405bfe0b95303a0
8336190,0xd4631027caaee17f964ff402903981d0922f6e395867163cc7cb21c9adae217c
8336191,0xe9c5fcb0a6a52181f562e4157efe646d319c3a82f8ceefe40ab8324fbe33acd9
8336192,0x6eb7db27bae0b4216b12b95e1f421b7d5830b4097eb93d8e2e5989d93987bbb6
8336193,0xa3e9b5e8c04ba7d6cd56bcd2124125f19482470831b2e28d42b3cd020b1d2a00
8336194,0x1a96d4e01623c606921a8e83fd0fd88f5d6ced643f829a063d48099ea834a558
8336195,0xbac18ed755020d2b0aac38d2c3b84253a1c940383bc393709a7cd7c7d583d72b
8336196,0x56fd4f713e861210cce1518d5e2159c8a115a9ae28ad2a4b20a2b0849dcc3cf4
8336197,0xf30f10e9bf9c1ff972cf3f8f8f3bd2cea5546f12385c70a414a101f8528e6ca0
8336198,0xd29cc6ccdc6ac97d2808cbf7fe26d1ecc28cab7409ed0f3649429d2932d7a41e
8336199,0x2d27a53a632697afddf0f7766ff6d40220220d400173a4b4e2941d2ed5a57efd
8336200,0x6c581f49f4b48a3b4d6d2b27f81d3629c29fbd783c0ebf3164e73a90ab6f8057
8336201,0x6e4e59fdafb78cf0e6ffa4fad4d09e722258e3b71599e0673bb386b065a5bfeb
8336202,0xe0b9569ea86a26e74f5dbc53aa1da5172a4f6e371cf9f8111a17f0a588041fc3
8336203,0xa4684edeb203b6828b6262dbb292a95a747a1a36af5f915a460c25ad252e321f
8336204,0x9136fad021bfa76615db846e6c2772b6a6023eccde3ee738783ec938990956dc
8336205,0x51e8bc89bcd11bcdefa059c0267fa01e5eded5c8f1e777387337dc217a960023
8336206,0xf3ed0a8d2a4e8fe7b126394044e8018853baa85f4fbc570a623a55ccb287a6a5
8336207,0xd6362fc0d1d528c944272d5a11adcab6758ce9374fb835670d027b46d9a54536
8336208,0x06f25ff19cb7af2c1c80ebd4bdf13d3da27470744515c5c48c6e5e554eb47a93
8336209,0x13b4784cc103b338ee11e9bfc223e87db18d9d585e8eb2b23baab89ee424e0f1
8336210,0x84b29c7a0b862f1c6c3905847d61c4f6ba6482a63df08fc4a090e0ee6805dfe4
8336211,0x574b038b63590c532651c069e36df5565122534aed50261ef2e7be075fa7067b
8336212,0x3bd6bfd10362c9aa3834db62525623969a8b270c2cc94775ddbea44b796545f2
8336213,0x11fa00cfb3b6383c794e2a120b680039652e65aaa5872c5d2ab4c39b31ea342b
8336214,0x4ce54f2001421e457f2e06ea50d872c15c204cc56f5a4fdd6e0d2667f297d03c
8336215,0x111e0a92ddc266eda57fb616fe0eb49f488df95448ddbe68c3336b12a941d04d
8336216,0xdb4d36b3c5d3bcda92b62b3cf595ee3b40d610d81fa390b6d6acba6feef227f9
8336217,0x608890d9eb4bf94f23aa0af3a6e41d463855a692f0193b130dd0b24739e39981
8336218,0x8c9f2453e5025bbf49438fef198c27a0aaeae1eed613ffd5310496b337f859ba
8336219,0xd12bb07c935727d3f2ff321d7920adfe73dc97b2d007db6fcb8c9daa2f4acdf0
8336220,0x02b3eafc8f97c7a6dd91d4e398bab9527de9cb12848bb33d629c4c577dcb1200
8336221,0x07d1c093789bf55f948dadc0531a9bf8f494d067df37a963dabe9a5fac7727ec
8336222,0x057939665881fb61f7d67cc22cdb626d5e7082a8c7c5b21e21b4761f118e9d10
8336223,0xbef9263b130cbc4bf834b27a5c14f85aeda58f3122acf8c54358860defaa3af4
8336224,0x30d43f37d6cc9ed0ab89bc39cb108754f434b9fc2acf06030a11aca06f5e4134
8336225,0x2216d45fe174eb30073ba38ee0f4761ece22da6a40107927f526723e31a483e3
8336226,0x1593461b614dfb5dacfdff7a251d96b89aae4adf4f0e76419b0b67be8ac50e86
8336227,0x16e8b76e736f4991c7f67df0041a673d9bad13170c81932bab7d4123557cfc26
8336228,0x8cb285c4ff954cac03db9974fa1e88e8eda329e8aa32a2644826f051ca5b0124
8336229,0x02d70d71d2f3ac1a806546722eaa2b341abd2f35c4f45ed7004efa3b3961b57f
8336230,0xf1fb9a016f13024485cdafaba2967352265a627087abb93057ad3828d5761271
8336231,0xcef5b49eb931f086cb187600d7340f61314d59228114f797ed696d7e0ef6ab1f
8336232,0x54a863a976da10495d46b17a037fbf681a36dd020c537ae679364911c2592a8c
8336233,0x2839340cf852ec7ebad31063bbd5035c48cdd5ef0f8c27cd347549dde04428be
8336234,0x4b4f1b24f3dd2b50707a446de9022bda734ae6bc6442fe802e85bdefd99ca2be
8336235,0xd7dd661bae6bc8c34164ea1e4cdd6145e3dbda99f079d3711ef4910dc475a78a
8336236,0x52065f06d72c21223b11abac4ade9cc1a465b33cc3010ee6fa56e5584208748d
8336237,0x72df30c8373ab1cefc04c8a0bb9bec09fbe3382e1bbdc188539e8e48ac62bbef
8336238,0xb04a7cd4946dc59ed4cc127adbf086783d0ae14618dd083d5bbd9575d2f272c5
8336239,0xae1c043ee15ea38dd540614eeb04ec1cd7aef6dc41c9b4ffebb2caa2479aaefc
8336240,0x219e5f4be4f0f1e7e15e21e3dc0edabe5af98695f9f361244f41652f9f7757fa
8336241,0x6c90ea9bee960cecca855de5b7d25066a81829ba78e19779ae42b976bc3b7a3c
8336242,0xd46c032aa3bfbc806916482c7760ae320e6fb3b42dfe891a7dbd8cdf71f97430
8336243,0xaad7b851a6718960f5011a2d1d7e0bd57ca3c99af07ddba95e96398d81804cb5
8336244,0x38dc5c732433a2bdf5975e8996bd5c893ffac43d3596a830fc8c45777c14aa72
8336245,0x59a116179c85aa700b3fe1a8229a32a36d3cbb21be59933de144c41d0b570b21
8336246,0x97bf57a11db4a2450f1cf6d912c52a511c1f13db567e7d11ead04f9a750d0987
8336247,0x744749908951da62cd0e6df243f8ec598362fe2ccb85a7076d0d3949173f5e84
8336248,0x30df02bc2b25164947533828f26ac83b6205e9222f1e596668b3ba66168b12f3
8336249,0x2c8249ec2dd408c83e01e718672890bc7e9813678fce4319bd28769483a1ad90
8336250,0x0c88143b8099cb17cfb6015bcd5eb581a06f14e89fa49be84de404ddee039eaf
8336251,0xf19da508b77ba4bd1405dee30c373dbf44cd9fb5998aedcda3c65fce4b8eba91
8336252,0x70fe4de70bacc91babee93dd8549286f6836de8b93aed02585e018c2a41365aa
8336253,0xda6b79f07e6f6c19c96edeac27730c2cf9380522d65449742fadf2420d2fca1e
8336254,0xa6fee7de0550b9eae9cc6576f5c3374ff6fa58aabf82f27e463babf18096bbf0
8336255,0x7ead43f726e0fa24ea7f5af62b6f849ffc33d16e4eeddf160b73fd0720afc170
8336256,0x86f3a3d628e1ed3a469ec773687a96614d6f4b50b968831479bfa93cc0213ec9
8336257,0x1d0ffe7a9d3745eed489f0c26211deef51244a674d06ec8f2590526923a565be
8336258,0x16b7bf7190bca770050e8363154492239181ae685539716b376fc5a3c600b4a9
8336259,0x5b78d8c9a2ea60b5250db0944e3eee83d2de2a7be9edcfd4736bde1cf53fd67a
8336260,0xf2aa5e6fe40f1ae73a71288e5a68793a2c47139d7f6565bc1af46bb78faf712f
8336261,0xfe3a1e07ac46464dd6457be37e8ccc9d1d28c0af01f0b76273691452785dc8c5
8336262,0x0d9cc2b5e345a2a369857e5f3050b2b57fa18140f272df888d0073915f9fbb5a
8336263,0xe46dd14b6268bfcb59a18d6ca10f3828eb373c4e3de490f34ba229508cc17b73
8336264,0x6e75ab18ce1dbc08946aa2ce7b71a097b5df13ab0bed2686c8ded7abe9361b7b
8336265,0x3e19adee3d8f91b27a3aa20e3d3027686c758da74483427741147742bb2239e5
8336266,0xbbc1f34b18510c66d0c967f1be02977cb069ceaa379b8d14797f13cf685ee1e9
8336267,0xbb428f0a78959e265c67a01c491067b40dda3da65950d1bb138870964d456660
8336268,0xa79deede4384b78136238bb2962da8ce8cc4f37087f2e79773eb4bdff38e1591
8336269,0xabb3821f7c7ffd375d778d29f425611eb493c9b5a902eda22f1e13eb9e6ca37c
8336270,0x72ca7b4c403ae4e90eea28c8640b44b5889a6f8078ccd3b75556e3af1e376d46
8336271,0xc19effc306b8bd779441ef6b1435f38663cf59dd780b2d6cdc9ccea4acafb03b
8336272,0x347664cc494fb882975418c2c1efbc9d8c20c617057c05df4a27a5554ab5b466
8336273,0xf2b3ad5cb35f25fb22597050577c6ddf67af4e029e140d5248ad48a22ce19a2e
8336274,0x380af70c946fdef22c86175caf4a99ca19a8ab4695d5a65658f257073a84fa69
8336275,0x7d086a240c26fbdfd29f7d2a21a11900c78277f0e293bc326896bb4e0aeeded2
8336276,0xa2498ba27a44665035dc0602009e7800a398777072d11913edb203e9c5c9386c
8336277,0xa3a0a811a6adf037ec45c19022cebd653198c24de928b31ea146bb56d4ad3794
8336278,0x1a992d964a6b0a2ec33a7af5f3890a5118a3c523d49811ba4dc4aaa1e4e09974
8336279,0x65d868ab6af0ffebeef248779f62369e0637d3951f5576a7b04694715a8bb1b9
8336280,0xce2a21bdc391ba079a0d522aeb76d36fa756a10292631d92b949a5251006939c
8336281,0x96842f2dacb8ebd55094c8ff6c046437624f9868a7ddbcb9ba3511dc4aaf89f8
8336282,0x44e64a87ade113e603b0a9ba0d95a011d8384252687da8f2faa9a10ce58c3588
8336283,0xdb182394fe81826ffe3f4136675aefe71dd8ab9e3dc62501a500b1b87ece9597
8336284,0x7c9b2c65909caace37351df2423c3aecf5460b697a7a0bf89b4dae9622d9ca24
8336285,0x6e7bc0f165769da8f7bf7a8847b0e8029bc910aaeba998926cac3ebca8ba8008
8336286,0x0a299eeaaf6597d4241db23bcdb0db2120b0ec84802c702bc5c35880adc09c09
8336287,0x55aa7d38973c8f8eee6eaed55130b4e059e389bf3cbef53f27ab1ffd0773c342
8336288,0x3b0974578a68781507af02bce484286aa0002dace58a870cdc0b9aed1a979bb6
8336289,0xae2c01b1881ae7f56399e4825b5bc2d7cf64e7f9f88378d7fcf22aca5cf061bc
8336290,0x23b1e572fcca3f73c6da001395ac5c4f97c72973e50f8eb2be600b6014303c53
8336291,0x4c1e0da154c25cfb72963688c3d0fe402ad1484eca3860bb8699e5802a2cc665
8336292,0x9023b07f4dee9b6d5df8d0f8f1691c962d544f8c8e72025136280528db56b7cd
8336293,0xfd648c7e624e0bb00fb0986ff67f9cad2242ca27fc6e209f3fb8bfb7b21886b8
8336294,0xccc999326c216f4134c7e699a2c6297691b3a3eef7b477182b16210cd31ebca1
8336295,0xd03fc6755d1f156917c49c1fff562ff6ed066049e00a5becde46fc19a8596452
8336296,0x150a5b9b115c06cda22d79fa9aa27c434f273529861f0511777942f150279e78
8336297,0x20d84d27026ff12498931cd57099cbc882a493601beb0ded0a1535a7640fca89
8336298,0xc93075e8b7a1a799a46827678885e40b6d75a3dc17d31bd84d9789fe4d96c189
8336299,0x606f6a43266aefad9daeb282ce3cfa7c37690cc05779016384da7bec0d3d0e00
8336300,0x2e19bd8f33b6cd936cd0ed160c2dec4e33cfd3f8fe6479884bf560f312ccfc30
8336301,0x026b70ec68ddad64c9250d1334650221b1611e638ebf3ac77db6c5a0242a9a4c
8336302,0xf3655202a0e1f5c1fbc709e7962394502c5ef2287980b5849ab2744ff1e78295
8336303,0x2e2922d3e6cf4e9b17cbdb0a2a06c48dcf5636708a584d997d039ad1222e5634
8336304,0x0bb93a41ed46babf32fe2e5f4317bf28c79355bc5065e98418ece14acda17d97
8336305,0x77798c979d274d6810f86b9eeaf1ea649ddb326a14f7025f8265492d6af85a2e
8336306,0x0c901b0089b7c6b5569581e3fa4eeaa322c12048a95b8129e695c9781028c65f
8336307,0x6bfda28967f63be26e526e6465be09434c982f9fdc237588485bc490bd1f3a7b
8336308,0x67ff6d18b264070b907d42d9683018c833ff22d3e0908b481e1879bf772fc9e1
8336309,0xbedb6711091126462f380fd63a676195b633de0d86a6b90bc7ad75b6b7dcd2f3
8336310,0x5214f2704f46ae04deb757312d833c7d1fa1d309ca3ed08c4bab858aca826235
8336311,0xe49bb30d35b09874bcff594effbd2c5f00603d22f2dcc1a7a2b4520106984b82
8336312,0x8b7fc9b775ca0874a0e7c80981b36f6c31405f6db23ece673bd16a73f5436807
8336313,0xa980f2999c8b9b6bbbf02c36f45b079ba2fc5fe29d85c0727e043137bfda22dd
8336314,0x14d7f91459435a128aceba13de54142095f0ef658c9733091346ed88a2995b25
8336315,0xf31415e2789845f07ad2477c2e928e197a779f57bcb3d0ae07598c7a03a24c1b
8336316,0xc0f9d5fcbce6292cc51e32571ad3029f4add5e1edfe87133e45515bd79ea3f90
8336317,0x315a220d1020ff1f7b128414cdf03a0adcdc50747a279fe65d54c5b4d22d1687
8336318,0xc9cd6e958bf11fb0ae34bec1144d4164725f30bf7c77afb1d9fa00c864c0d99c
8336319,0x11230b8c41cdca8c3166be050d46dd5614cf58cf6215036fdb80a7544950c437
8336320,0xc94d4279c6c0e5beb79ef667670c0497a0910d05d9b30de9904ea106a8d32862
8336321,0x2b10038091c1cfdbbcab178a8e6e91a617f5f94780451286051922b2ae66350c
8336322,0xd8d831c942683bd052ded4af37ee79baf15e6191b3437671f0b04edc0bf532dc
8336323,0x884624e1eb10235487eca92dad909c8ba4e00ec95f1bbc431a63c2ddd1632ee5
8336324,0x1cd1946dd0207864646baa3f8a82a8438223db957b5cd594493ff02bc8ddee35
8336325,0xd7f6417681ffa29dde39ad377c2606932002eea8b7731e9e611ba429d17503ce
8336326,0xad1cbdd6ba05fe07df6275dcdc78b978e9204bc8089f0bcc5deb9e425d41451c
8336327,0xf86526573291cf2c4f126b9840d2a647a9cfb6653b39b401f79ec258ec7ff033
8336328,0x2ed50c4b35a5e72f6797afffd7dcb9c4d822984840aca4f9329a7de6482484ba
8336329,0xed6684800070a6d1f5593b5cd9ef2db42fc5428513007fdb5d400ff528c4b701
8336330,0x4e684d74a6953580c934a42a1cce2e22f4e94ffd981fe97d8ef31c7090f77477
8336331,0x98ddc3d38cb108355a0659085226fa826977fdbb977f9032b29d5265c7546cf4
8336332,0x0ee5354ec0ea52a0a2cbaad9d6dd7576c7ee6c4481e213edc6fa27ce6b2105e7
8336333,0x99dcc142fcca7465fe75d0fc77c2a05796e0abb60da2f303550e4e3d49fec6cb
8336334,0x151c03443baa9920fc1960ca570c2549898b8b79627aa5d959c4f56777086c18
8336335,0x4574f9fdcf240c82bcba575bb6b14ab9fa27a8c56d1613666bb6bcf3bda8e485
8336336,0xf5e45b6140a06bd6f8c4af1d062451270cbb825c62fad0ff83fef841c0b6ec98
8336337,0xef8b31d74efb8d8fd14055ab4fb4e651cf82e293ef881821b5a4c4ec5b4f359d
8336338,0x85a98f369fb5b8fe8d11249e59c601f726c9c5551c1e51f0d6ea338e1e5051f4
8336339,0xd0b746e36b4999b2c1f841a2a67d6f07c43bb2759890339359242c80a0609e65
8336340,0xd17f6ace38ea14e0adf645cdd615c664150682fda0565e96475e836af106a8d1
8336341,0x95fbdd2af24fd640b19ccd5483086ee45daa4a84170d4dbf1a6687e75c1bf45b
8336342,0x3ab850bde93e762bf60dcb76220ab01f2ace01000fa88e3650e80b1e1774c10e
8336343,0xb89aa7d35f30d6d46fcc696c5033f3178f43114351695c2f2f1cd556fa5df94d
8336344,0x7e09cc41b3336edef560931a68a8af0b576950df8a5657e0887062f132226c64
8336345,0xff756a6867b9c1bc906e7bdd425d7c18dc489ce23c3df2f8a80498822a283f12
8336346,0x2579c761c09f552fa52cc28442a459736a8c9755d9c89835f9bc12c2dd6d535e
8336347,0x4157617b519c3fca6781e6cd7feef7bcc6f3643db24f5fe41268d1938710a949
8336348,0x3bd507afbe974a6c3cc033c7f869ec4e35d2811793e691a2818cd611401d7335
8336349,0x24901cdcffc97882d19877b02d208f6ad0c31690cc93d5fe3ffc00ee22528835
8336350,0xf12d1176a7ab50eab8efeac0b8f666b1ea410095bda8ed5874a1bb55c158de05
8336351,0x923dd8de8bb7ab2ae07f2a36b0c1c9e15050605b54ccd78b107eb8da02fa67d2
8336352,0xa3b768ffcef5c3456435bad2f459678614b76b0efe797590bb78866fbadee249
8336353,0x0811e42d7b32bb8251d0e146627b4fe3b1b74cfd99889552da147f501840366a
8336354,0x0cde672a31c115612e6c6f396746593eff7ab93ae318ad1cc708fa0a32ad4ee0
8336355,0xf1330ded51ad847db00489e5114977b8402430485bc142981b297f955d805de0
8336356,0xefdd9d014fe16aac0f96751181d16e244a6f45075cc732bad16797ee092fbf0d
8336357,0x59962e6053fd44adb0f8904835cde89358dbfef9b72f8f789965f9c9e76582c1
8336358,0xb4745ac92da714575c9dbab16ce01d6641e9036ae943db912af33dd031ed6df7
8336359,0xd83528a2839e60649cfddb137156dbaf886d19a31e08e8b70c9c0528729767be
8336360,0x99ef37c7e70b7fc61a59e177098a1e6467ce00bbb58db6eece66206f25966376
8336361,0xf466281dc55bbbfdf775af628b7996b878ba5deea0e845c690ad534530bbb616
8336362,0x5088015ddbce735bde93e0a84b165320d952b66d8269c7dd4a0f4632532e3b1b
8336363,0x42ecc16c899e2e366c019d9bf831907fa51fb8b21ee782f49cbe3f227137826e
8336364,0x2d70411919b16abfc4243d9be823f0e15e11335bd9a35b223ba68d94a9769780
8336365,0x8d12c895ea5d80dad13fafcec064906b3ccc901e5a570fadc16cca45baf44199
8336366,0x51c277e3681bd84f2c177cf8e72ef2efedf0e9d20a4f9f4633947b065e4f392f
8336367,0x4bf3fa5210d89a12dd6cbb47fc09c65c93a561dedca65181d63d21b63bdf6a02
8336368,0xe1003cb6ed4c245a69364758db10250caa2c050e0550c4c0e9057b0562f20282
8336369,0x16c2c9b627e2de540c3b12e3c5a27554f2d82bf0fbeac8d7b324b0d9f142967b
8336370,0x800d8ae002b4fb2ba27a08ad1ca802c56e653868bdfe178446f21b69ce530197
8336371,0x1364f220c306157f274eca77ac21c6c7487ab8dc882f2ee83d3c778683472595
8336372,0x07750b9ef1f4ca3138b158ba8105efc3e442284b90c15156de1479761e577954
8336373,0x64e6aa82e28b22b5bc715567ce5e4a478d37cf5f4e3ddf2763bc5f8d080cf4e5
8336374,0x70877d0df664b5143a163acac382a161fce42d597689487e113243bd22415721
8336375,0xd69bc3f7ed92cc548eca9eca45b94b6eeaf8cff6fe17e1fd09a833f005226026
8336376,0x1a5bd4f8c84a99226dfb25b47c5cf8787307d23439154692292173eb316ba88b
8336377,0xa3e329a651fb43ad0de6503f28bfc8a51a1aed4ff2b1410fd1f4e24a949b4201
8336378,0x32554fc704e6e08f9523f7dde6ffe926b0a8ca57dc23cbe6d96a5059aab36e7c
8336379,0x4d9a5cc62e08d7c21227fb55ebea04eb05ed36afb183ac09880dd9c9e2a1dc98
8336380,0x0c7dc2cc886c7fca6a3254a032ac224fbd2d2090915d46217b493b97c143b8c1
8336381,0xfaf48d2ebf353753f80b4d7a7bb7434514c07d49594f4ae84c85afdfa568beb1
8336382,0x45212b191e842b737b0222b51f21088d46b4df06be084f435af319680368bbc4
8336383,0xe6ab03484fc6099287e8b3b76451cceef2d9f836ca9da4b851f0f09e744faae8
8336384,0x2cabd558680c9837320ce9f5b50aec6bd168ed31fe3af6965cb975070f2efd0e
8336385,0x0d2077b769c278bd385ff7583237e66bbf07968c0e845b852eb9453d8365588e
8336386,0xea48df7a6c421ccffa17c0982a34223038c06929e6256b2e76e1d77e337bfdcc
8336387,0xc676d40644dbca897bd654c366ca983df3018b17f235baa30f53b8a3f6d9bebc
8336388,0xe9270a6aff2b68bb042b108174c82ccfe9d68ac3ed69c05a24756267fe1485ae
8336389,0xbbfff654a4d0720da8d1c7a2478baf8b9ab3edbae938b8c684d419e7e66a5834
8336390,0x53da7d3744b340996cd2cfd4744b042f330130a1442ff405d51f9369adec1459
8336391,0x1fecc6556859f29420b87a9592541cf7a05369c50fc406697c59d64ec7821a89
8336392,0x95680cfd28eca25e716fad81c8b3b6b1e12512a35cbae5d1887ce7c4c2a7bd72
8336393,0x6ce01636440da0c692c25c68717f8aa1411c4b3a010568a897dca09a823eb983
8336394,0x7b58a2e5b9a544a38b80c9e5228436252c8ba53aed3f77e71a54a31f1fb37c13
8336395,0xb6bb41325283aa4539571d2294378fdba58ca4a2a7f90f2af566f25e68f4bce2
8336396,0x344cc80bcdbeab3c1568a1dedfd9562ec71d816931caae9c74db1b8565f9f17d
8336397,0x3508c883eba4ff933f3a6d806efb5cd398675b6837513c869fa1d83e9144833d
8336398,0xb456c106dbce0c12454fcf7c6fc3462013ac71f795677e3117fae9436b8abb2c
8336399,0xfa3adecf0d6c63eb3450933a1541da40e67a0df3b6c51bab0c9dbd3c164cfc5d
8336400,0x541d6c6573ebe963962580b43eac64014ffe3e640f8abe66c60f42b808ae4efa
8336401,0xd22a649148ffdbc1da661e650cae1b5d9f90caa12ff6d3fa6747ef1fe586a631
8336402,0xf4901933e6316e1ae9a72a0ae47b30b068e510563b1c5c69a6f1b663087e0f1f
8336403,0xfb787639eabb1e0558171a3073ee762f5fe4bd4c8bdfdb2bee3c8d06287eb9ff
8336404,0xcf55c1ccf407656a2099bb9abc5dd712f600dbc91a13b6774a42f93184d31b0c
8336405,0x3bc399e3d9344ca0c87cbe0213992837d7eb1ec2bc0ee8c27e9c9584be903eb4
8336406,0x3a019f47156d00e790caba16d0677dbeaf1a528f677a3af7f62d1dbe73bcddc3
8336407,0x5167952aca258108dd83bb3cd06b56d9ec6a3d53813738bb517431f06b989d97
8336408,0x0f3822f4d7039be05b646c3f086761d909667226c2d84351d96d5b14d84a8cfb
8336409,0xe55c6f051223eefcc62332d144ab5502f06a3b3be472faeb3bb0df48ff916888
8336410,0x34710ccf25364bd566a19998575dc5e71bf22d32832fbadeaaa6980a5a1d02df
8336411,0x8c60b0208ee689ca8d8102cf43591bccf47548909461242f9b0fe08a58d6900d
8336412,0xa77404a191d46332dc42bb52c5daf646511de81b6258095eda7d5a6c82cb5435
8336413,0x0ef2dd4adfa0d7e1fe431a2784cf72e69f494dedb2d8f54e7975b1203f89efb1
8336414,0x527e92985c00f476e0d0ec2041e6977187fd72be8f1dcb88f6b5fd4cd7558f59
8336415,0xf9b23fe5e186e678116b6c911e2f7a3f734171ce785d2559d679c3596cca0f0a
8336416,0x5e304255c600e867f3f39f5bca51ca47a918d58ee81b1abf30a27ac3a4892d01
8336417,0x6c7ae4df84f5faa75d8a68dc7c561945bc7d7802c4a4987ae42cc546a2fe3604
8336418,0x49957e1a2610b481cacd969ba87ca3f225d082760c7567d2cd60a60f3a0f7253
8336419,0xdfdb0e3714ee4abb5e94539c0d49665f42a7f88ad83b8e55410681791b989e9e
8336420,0x983e27254e88b2c3491907099bec4f92b572f56b6465974e254d8cc253fb1e16
8336421,0xba989b80616f34faa99c2f3ab7b868bb205439aa2cf45b7ca810149f2dff91a3
8336422,0x8d3839154bacef1837ebe7ea996c3a4236fefa1a30f25b3ef5c077b77687bc7e
8336423,0xc570224c9c22ad85a706e58761ae49d01834ea3adbec20d9a06d8f6d195e41b3
8336424,0x26f7eff3355aada0d7f7b4c2173b725acdd0b74c59614f09863550da1f69b3b7
8336425,0xf89d7873451a35aa3c594adae2ee759499d9f7f2259c7eb375d5638f8ef73787
8336426,0x9f26aa62e01934d809772a67a0a54fdb41fb18533e881840b7fa86468e9e5761
8336427,0x4354e6113a4da466d121069e5a057d7393d8bb2262a62c0e40a7bb61d63ac941
8336428,0xd6383bb4be831a90064df91f978a3e92d94643fd2353c2c1fe75bd3142d8fa7a
8336429,0x13acea3797262699f8567a3a4d4def86e48aec516e1a3de3c2535432d8dea457
8336430,0xbe508a4f43c0039cb74a6e67cbe6e7967293503e1a42b425776932c1ee126620
8336431,0xcbb4ce72bc1fa4362935b58f0a7183d377b49f414ce221834619845834cbe8f2
8336432,0xfe0625bd91e9cf61486b85179c542393594f74d0545b2f2ff9421cf2a4d2f8f9
8336433,0x9f8a7b67b973b7760ce2eabaf7fd29d006ff751e9c19ff02f9a33c0b370b14a9
8336434,0xbf2f3843d832042325824d9c27d8fc4aad3dbcd7afbdddb40c8b9aa11c7f45fa
8336435,0x48782794eb5e2086b974a60ae00db0e0aed04fb17c9e19e5d491383335fedf83
8336436,0x1097bb3ddcbae04c96d2bad3d22cb08bb65b6aabe3b842b4d15843ccd8df2c01
8336437,0x6e34c00a03bfe9331e1da17e6ff473823cebf1521a1817a4e9559c0f0da9676d
8336438,0x16e9b7979b9fb1bbb165eb60cffd7611fe47455487eab118f07465719383b645
8336439,0x964b69e98db5901a7c040c3f9127a1474de920af4b387df741b4e5decaa0b162
8336440,0xf4149444ca158f1bfb7edc606171788213e4a374e81a7815590ff56496cd7125
8336441,0x9cda3f9bacf6bb531fe6597e1d18c4c3d74b1cae5a67339f53c4b2d6bf305a6d
8336442,0xf9cd6839614e98ec7fe8a124d496600670cf325b203497e38f7c0f205b0e9087
8336443,0x789d2dbabbc51831e80841878dc1d6038ee79c3e718d9fd30f234fa847610eef
